<BackupInst xmlns="http://www.microsoft.com/GroupPolicy/GPOOperations/Manifest"><GPOGuid><![CDATA[{27F25CED-EBE8-4BC9-BF3B-1DAC5E0F87D8}]]></GPOGuid><GPODomain><![CDATA[security.local]]></GPODomain><GPODomainGuid><![CDATA[{2b127034-e676-4f54-b03a-e700e3004cb0}]]></GPODomainGuid><GPODomainController><![CDATA[GPOSrv2016.security.local]]></GPODomainController><BackupTime><![CDATA[2025-11-11T20:15:05]]></BackupTime><ID><![CDATA[{A42DCCE6-3D18-4972-8D62-857E176EEEF7}]]></ID><Comment><![CDATA[]]></Comment><GPODisplayName><![CDATA[Local Policy DoD WinSvr 2025 MS STIG Comp v1r1]]></GPODisplayName></BackupInst>
