<BackupInst xmlns="http://www.microsoft.com/GroupPolicy/GPOOperations/Manifest"><GPOGuid><![CDATA[{679F1812-1C21-4D93-973B-4943063BE8C1}]]></GPOGuid><GPODomain><![CDATA[security.local]]></GPODomain><GPODomainGuid><![CDATA[{2b127034-e676-4f54-b03a-e700e3004cb0}]]></GPODomainGuid><GPODomainController><![CDATA[GPOSrv2016.security.local]]></GPODomainController><BackupTime><![CDATA[2026-01-09T16:20:09]]></BackupTime><ID><![CDATA[{0EB025AE-2FDC-4B38-8248-49DC065A9715}]]></ID><Comment><![CDATA[]]></Comment><GPODisplayName><![CDATA[DoD WinSvr 2022 DC STIG Comp v2r7]]></GPODisplayName></BackupInst>
