<BackupInst xmlns="http://www.microsoft.com/GroupPolicy/GPOOperations/Manifest"><GPOGuid><![CDATA[{E50EB229-59C8-419E-8583-5FAB6CF0140D}]]></GPOGuid><GPODomain><![CDATA[security.local]]></GPODomain><GPODomainGuid><![CDATA[{2b127034-e676-4f54-b03a-e700e3004cb0}]]></GPODomainGuid><GPODomainController><![CDATA[GPOSrv2016.security.local]]></GPODomainController><BackupTime><![CDATA[2025-02-28T13:31:36]]></BackupTime><ID><![CDATA[{581EB8D2-7CB7-445B-8799-0060D30E489A}]]></ID><Comment><![CDATA[]]></Comment><GPODisplayName><![CDATA[Local Policy DoD WinSvr 2016 MS STIG Comp v2r10]]></GPODisplayName></BackupInst>
