<Backups xmlns="http://www.microsoft.com/GroupPolicy/GPOOperations/Manifest" xmlns:mfst="http://www.microsoft.com/GroupPolicy/GPOOperations/Manifest" mfst:version="1.0"><BackupInst><GPOGuid><![CDATA[{35B6370F-C556-497D-83F2-8D6B14308470}]]></GPOGuid><GPODomain><![CDATA[security.local]]></GPODomain><GPODomainGuid><![CDATA[{2b127034-e676-4f54-b03a-e700e3004cb0}]]></GPODomainGuid><GPODomainController><![CDATA[GPOSrv2016.security.local]]></GPODomainController><BackupTime><![CDATA[2025-04-03T14:39:22]]></BackupTime><ID><![CDATA[{75194269-DE5A-403D-A8C1-3DE83516BBAA}]]></ID><Comment><![CDATA[]]></Comment><GPODisplayName><![CDATA[DoD Internet Explorer 11 STIG User v2r6]]></GPODisplayName></BackupInst><BackupInst><GPOGuid><![CDATA[{CE4D1055-4614-4061-8276-D420E4F7BA13}]]></GPOGuid><GPODomain><![CDATA[security.local]]></GPODomain><GPODomainGuid><![CDATA[{2b127034-e676-4f54-b03a-e700e3004cb0}]]></GPODomainGuid><GPODomainController><![CDATA[GPOSrv2016.security.local]]></GPODomainController><BackupTime><![CDATA[2025-04-03T14:39:21]]></BackupTime><ID><![CDATA[{63A768C8-9905-4871-BF57-422A8D83B6D0}]]></ID><Comment><![CDATA[]]></Comment><GPODisplayName><![CDATA[DoD Internet Explorer 11 STIG Computer v2r6]]></GPODisplayName></BackupInst></Backups>