<Backups xmlns="http://www.microsoft.com/GroupPolicy/GPOOperations/Manifest" xmlns:mfst="http://www.microsoft.com/GroupPolicy/GPOOperations/Manifest" mfst:version="1.0"><BackupInst><GPOGuid><![CDATA[{764F8661-C6C0-4ADE-90F9-841BACB7B2EC}]]></GPOGuid><GPODomain><![CDATA[security.local]]></GPODomain><GPODomainGuid><![CDATA[{2b127034-e676-4f54-b03a-e700e3004cb0}]]></GPODomainGuid><GPODomainController><![CDATA[GPOSrv2016.security.local]]></GPODomainController><BackupTime><![CDATA[2026-01-09T16:17:26]]></BackupTime><ID><![CDATA[{050D76D4-6B01-4656-86BD-A16B0E50251B}]]></ID><Comment><![CDATA[]]></Comment><GPODisplayName><![CDATA[Local Policy DoD Windows 11 User STIG v2r6]]></GPODisplayName></BackupInst><BackupInst><GPOGuid><![CDATA[{FA764DC9-0403-4503-A258-2C410B9107EC}]]></GPOGuid><GPODomain><![CDATA[security.local]]></GPODomain><GPODomainGuid><![CDATA[{2b127034-e676-4f54-b03a-e700e3004cb0}]]></GPODomainGuid><GPODomainController><![CDATA[GPOSrv2016.security.local]]></GPODomainController><BackupTime><![CDATA[2026-01-09T16:17:25]]></BackupTime><ID><![CDATA[{0CF2B840-C02C-4AF8-9FE3-B2A50605AA79}]]></ID><Comment><![CDATA[]]></Comment><GPODisplayName><![CDATA[Local Policy DoD Windows 11 Computer STIG v2r6]]></GPODisplayName></BackupInst></Backups>