﻿<?xml version="1.0" encoding="utf-8"?>
<!--**************************************************************************************
This file contains answers for known opens and findings that cannot be evaluated through technical means.
<STIGComments>      - Top element.  May only occur once.
      "Name"           : Required.  Must match the STIG ShortName in -ListSupportedProducts.  When a match is found, this answer file will automatically be used for the STIG.
<Vuln>              - Multiple <Vuln> sections may be configured in a single answer file provided the "ID" attribute is unique.
      "ID"             : Required.  The STIG VulnID or RuleID.
<AnswerKey>         - Multiple <AnswerKey> sections may be configured within a single <Vuln> section provided the "Name" attribute is unique.
      "Name"           : Required.  The name of the key to be called by "-AnswerKey".  "DEFAULT" may be used in lieu of using "-AnswerKey".
<Answer>            - Multiple <Answer> sections may be configured within an <AnswerKey> section provided the "Index" attribute is unique AND the combination of the other attributes is unique.
      "Index"          : Required.  Identifier for the answer.
      "ExpectedStatus" : Required.  The initial status that Evaluate-STIG determined.  Refer to "Valid Status formats" below.
      "Hostname"       : Optional.  Hostname(s) that the answer is applicable to.  Use comma separation for multiple.
      "Instance"       : Optional.  Instance name(s) (e.g. for SQL) that the answer is applicable to.  Use comma separation for multiple.  Reference FindingDetails for appropriate Instance value.
      "Database"       : Optional.  Database name(s) (e.g. for SQL) that the answer is applicable to.  Use comma separation for multiple.  Reference FindingDetails for appropriate Database value.
      "Site"           : Optional.  Site names (e.g. for IIS) that the answer is applicable to.  Use comma separation for multiple.  Reference FindingDetails for appropriate Site value.
      "ResultHash"     : Optional.  Hash of FindingDetails text after "~~~~~" bar.  Use comma separation for multiple.  Reference FindingDetails for calculated ResultHash.
<ValidationCode>    - Powershell code that returns a boolean value or Hashtable.  If blank, "true" is assumed.
                      *Note: If Validation Code returns a Hashtable, the Object MUST contain both [String]"Results" and [Boolean]"Valid" keys.  "Results" will be written to the Comments field of the STIG check.
                      The following Evaluate-STIG variables are also available to be called within validation code:
      $ESPath          : [String]  Path that Evaluate-STIG.ps1 was executed from.
      $ExpectedStatus  : [String]  Status that Evaluate-STIG determined.  Will be in CKL format (refer to "Valid Status formats" below).
      $ResultHash      : [String]  SHA1 hash of ResultData.  Reference FindingDetails for calculated ResultHash.
      $ResultData      : [Array]   FindingDetails content after "~~~~~" bar.
      $Username        : [String]  User name processed for HKCU check.  Reference to FindingDetails for appropriate Username value.
      $UserSID         : [String]  User SID processed for HKCU check.  Reference to FindingDetails for appropriate UserSID value.
      $Instance        : [String]  Instance name processed.  Reference FindingDetails for appropriate Instance value.
      $Database        : [String]  Database name processed.  Reference FindingDetails for appropriate Database value.
      $Site            : [String]  Site name processed.  Reference FindingDetails for appropriate Site value.
      $ShowRun         : [Array]   Show-RunningConfig section from Cisco Show-TechSupport.
<ValidTrueStatus>   - The status the check should be set to if ValidationCode returns "true".  Refer to "Valid Status formats" below.  If blank, Status is unchanged.
<ValidTrueComment>  - The verbiage to add to the Comments section if ValidationCode returns "true".
<ValidFalseStatus>  - The status the check should be set to if ValidationCode DOES NOT return "true".  Refer to "Valid Status formats" below.  If blank, Status is unchanged
<ValidFalseComment> - The verbiage to add to the Comments section if ValidationCode DOES NOT return "true".

* Valid Status formats:
    |     Status     | EvalSTIG |       CKL        |       CKLB       |      XCCDF      |
    |================|==========|==================|==================|=================|
    | Not Reviewed   | "NR"     | "Not_Reviewed"   | "Not_Reviewed"   | "notchecked"    |
    | Not A Finding  | "NF"     | "NotAFinding"    | "not_a_finding"  | "pass"          |
    | Open           | "O"      | "Open"           | "Open"           | "fail"          |
    | Not Applicable | "NA"     | "Not_Applicable" | "Not_Applicable" | "notapplicable" |
    |================|==========|==================|==================|=================|

* Answer Weighting:
  Evaluate-STIG adds the weights for all "applicable" attributes configured in an <Answer>.  If an attribute is configured but not applicable to the STIG (e.g. configuring the "Database" attribute for an IIS Site STIG) then the weight for that attribute is not included in the calculation.
    |    Attribute     | Weight |
    |==================|========|
    | ExpectedStatus   |   0 *  |  * ExpectedStatus is a hard requirement.  If not a match, the answer is ignored.
    | Hostname         |   5    |
    | Instance         |   4    |
    | Database         |   3    |
    | Site             |   2    |
    | ResultHash       |   1    |
    | <AnswerKey Name> |   16   |
    |==================|========|
**************************************************************************************-->
<STIGComments Name="_replace_with_stig_shortname_">
  <!--<Vuln ID> may be the Vulnerability ID (V-223311) or the Rule ID (SV-223311r960963_rule)-->
  <Vuln ID="V-00000">
    <!--Multiple <AnswerKey> sections may be configured provided "Name" attribute is unique-->
    <AnswerKey Name="_name_that_makes_sense_for_your_needs_or_'DEFAULT'">
      <!--Multiple <Answer> sections may be configured provided "Index" AND combination of other attributes is unique-->
      <Answer Index="1" ExpectedStatus="NR" Hostname="" Instance="" Database="" Site="" ResultHash="">
        <!--Basic validation code examples

        1. Returning a simple boolean value:
        ====================================================
            <ValidationCode>
              $Fruits = @("Apples", "Oranges", "Peaches")
              if ("Bananas" -in $Fruits) {
                  return $true
              }
              else {
                  return $false
              }
            </ValidationCode>
        ====================================================

        2. Returning a hashtable:
        ====================================================
            <ValidationCode>
              $ValidationObject = @{
                  Valid   = $false
                  Results = ""
              }

              $Fruits = @("Apples", "Oranges", "Peaches")
              if ("Bananas" -in $Fruits) {
                  $ValidationObject.Valid = $true
                  $ValidationObject.Results = "Bananas are in the list of fruits."
              }
              else {
                  $ValidationObject.Valid = $false
                  $ValidationObject.Results = "Bananas are NOT in the list of fruits."
              }

              return $ValidationObject
            </ValidationCode>
        ====================================================
        -->
        <ValidationCode></ValidationCode>
        <ValidTrueStatus></ValidTrueStatus>
        <ValidTrueComment></ValidTrueComment>
        <ValidFalseStatus></ValidFalseStatus>
        <ValidFalseComment></ValidFalseComment>
      </Answer>
    </AnswerKey>
  </Vuln>
</STIGComments>