GPOName,Path
DoD Adobe Acrobat Reader DC Continuous STIG Computer V2R1,C:\Jan26 DISA STIG GPO Package 0112\DoD Adobe Acrobat Reader DC Continuous V2R1\GPOs
DoD Adobe Acrobat Reader DC Continuous STIG User V2R1,C:\Jan26 DISA STIG GPO Package 0112\DoD Adobe Acrobat Reader DC Continuous V2R1\GPOs
DoD Adobe Acrobat Pro DC Continuous STIG Computer v2r1,C:\Jan26 DISA STIG GPO Package 0112\DoD Adobe Acrobat Pro DC Continuous v2r1\GPOs
DoD Adobe Acrobat Pro DC Continuous STIG User v2r1,C:\Jan26 DISA STIG GPO Package 0112\DoD Adobe Acrobat Pro DC Continuous v2r1\GPOs
DoD Internet Explorer 11 STIG Computer v2r6,C:\Jan26 DISA STIG GPO Package 0112\DoD Internet Explorer 11 v2r6\GPOs
DoD Internet Explorer 11 STIG User v2r6,C:\Jan26 DISA STIG GPO Package 0112\DoD Internet Explorer 11 v2r6\GPOs
DoD Microsoft Defender Antivirus STIG Computer v2r7,C:\Jan26 DISA STIG GPO Package 0112\DoD Microsoft Defender Antivirus STIG v2r7\Gpos
DoD Windows Defender Firewall STIG v2r2,C:\Jan26 DISA STIG GPO Package 0112\DoD Windows Defender Firewall v2r2\GPOs
DoD WinSvr 2012 R2 DC STIG Comp v3r7,C:\Jan26 DISA STIG GPO Package 0112\DoD WinSvr 2012 R2 MS and DC v3r7\GPOs
DoD WinSvr 2012 R2 DC STIG User v3r7,C:\Jan26 DISA STIG GPO Package 0112\DoD WinSvr 2012 R2 MS and DC v3r7\GPOs
DoD WinSvr 2012 R2 MS STIG Comp v3r7,C:\Jan26 DISA STIG GPO Package 0112\DoD WinSvr 2012 R2 MS and DC v3r7\GPOs
DoD WinSvr 2012 R2 MS STIG User v3r7,C:\Jan26 DISA STIG GPO Package 0112\DoD WinSvr 2012 R2 MS and DC v3r7\GPOs
DoD Mozilla Firefox STIG v6r7,C:\Jan26 DISA STIG GPO Package 0112\DoD Mozilla Firefox v6r7\Gpos
DoD Windows 11 Computer STIG v2r6,C:\Jan26 DISA STIG GPO Package 0112\DoD Windows 11 v2r6\Gpos
DoD Windows 11 User STIG v2r6,C:\Jan26 DISA STIG GPO Package 0112\DoD Windows 11 v2r6\Gpos
DoD WinSvr 2019 DC STIG Comp v3r7,C:\Jan26 DISA STIG GPO Package 0112\DoD WinSvr 2019 MS and DC v3r7\GPOs
DoD WinSvr 2019 MS STIG Comp v3r7,C:\Jan26 DISA STIG GPO Package 0112\DoD WinSvr 2019 MS and DC v3r7\GPOs
DoD WinSvr 2022 MS STIG Comp v2r7,C:\Jan26 DISA STIG GPO Package 0112\DoD WinSvr 2022 MS and DC v2r7\GPOs
DoD WinSvr 2022 DC STIG Comp v2r7,C:\Jan26 DISA STIG GPO Package 0112\DoD WinSvr 2022 MS and DC v2r7\GPOs
DoD WinSvr 2016 DC STIG Comp v2r10,C:\Jan26 DISA STIG GPO Package 0112\DoD WinSvr 2016 MS and DC v2r10\GPOs
DoD WinSvr 2016 DC STIG User v2r10,C:\Jan26 DISA STIG GPO Package 0112\DoD WinSvr 2016 MS and DC v2r10\GPOs
DoD WinSvr 2016 MS STIG Comp v2r10,C:\Jan26 DISA STIG GPO Package 0112\DoD WinSvr 2016 MS and DC v2r10\GPOs
DoD WinSvr 2016 MS STIG User v2r10,C:\Jan26 DISA STIG GPO Package 0112\DoD WinSvr 2016 MS and DC v2r10\GPOs
DoD Windows 10 STIG Computer v3r6,C:\Jan26 DISA STIG GPO Package 0112\DoD Windows 10 v3r6\Gpos
DoD Windows 10 STIG User v3r6,C:\Jan26 DISA STIG GPO Package 0112\DoD Windows 10 v3r6\Gpos
DoD Google Chrome STIG Computer v2r11,C:\Jan26 DISA STIG GPO Package 0112\DoD Google Chrome v2r11\Gpos
DoD Microsoft Edge STIG Computer v2r4,C:\Jan26 DISA STIG GPO Package 0112\DoD Microsoft Edge v2r4\Gpos
DoD Office 2019-M365 Apps STIG Comp v3r4,C:\Jan26 DISA STIG GPO Package 0112\DoD Office 2019-M365 Apps v3r4\Gpos
DoD Office 2019-M365 Apps STIG User v3r4,C:\Jan26 DISA STIG GPO Package 0112\DoD Office 2019-M365 Apps v3r4\Gpos
DoD WinSvr 2025 MS STIG Comp v1r1,C:\Jan26 DISA STIG GPO Package 0112\DoD WinSvr 2025 MS and DC v1r1\GPOs
DoD WinSvr 2025 MS STIG User v1r1,C:\Jan26 DISA STIG GPO Package 0112\DoD WinSvr 2025 MS and DC v1r1\GPOs
DoD WinSvr 2025 DC STIG Comp v1r1,C:\Jan26 DISA STIG GPO Package 0112\DoD WinSvr 2025 MS and DC v1r1\GPOs
DoD WinSvr 2025 DC STIG User v1r1,C:\Jan26 DISA STIG GPO Package 0112\DoD WinSvr 2025 MS and DC v1r1\GPOs