GPOName,Path
DoD WinSvr 2019 DC STIG Comp v3r7,C:\Jan26 DISA STIG GPO Package 0112\DoD WinSvr 2019 MS and DC v3r7\GPOs
DoD WinSvr 2019 MS STIG Comp v3r7,C:\Jan26 DISA STIG GPO Package 0112\DoD WinSvr 2019 MS and DC v3r7\GPOs
DoD WinSvr 2022 MS STIG Comp v2r7,C:\Jan26 DISA STIG GPO Package 0112\DoD WinSvr 2022 MS and DC v2r7\GPOs
DoD WinSvr 2022 DC STIG Comp v2r7,C:\Jan26 DISA STIG GPO Package 0112\DoD WinSvr 2022 MS and DC v2r7\GPOs
DoD Windows 11 Computer STIG v2r6,C:\Jan26 DISA STIG GPO Package 0112\DoD Windows 11 v2r6\Gpos
DoD Windows 11 User STIG v2r6,C:\Jan26 DISA STIG GPO Package 0112\DoD Windows 11 v2r6\Gpos
DoD Microsoft Defender Antivirus STIG Computer v2r7,C:\Jan26 DISA STIG GPO Package 0112\DoD Microsoft Defender Antivirus STIG v2r7\Gpos
DoD Microsoft Edge STIG Computer v2r4,C:\Jan26 DISA STIG GPO Package 0112\DoD Microsoft Edge v2r4\Gpos
DoD Windows 10 STIG Computer v3r6,C:\Jan26 DISA STIG GPO Package 0112\DoD Windows 10 v3r6\Gpos
DoD Windows 10 STIG User v3r6,C:\Jan26 DISA STIG GPO Package 0112\DoD Windows 10 v3r6\Gpos
DoD Mozilla Firefox STIG v6r7,C:\Jan26 DISA STIG GPO Package 0112\DoD Mozilla Firefox v6r7\Gpos