<BackupInst xmlns="http://www.microsoft.com/GroupPolicy/GPOOperations/Manifest"><GPOGuid><![CDATA[{3ADE894B-A49F-4142-88A7-B6DC4B16F9FA}]]></GPOGuid><GPODomain><![CDATA[security.local]]></GPODomain><GPODomainGuid><![CDATA[{2b127034-e676-4f54-b03a-e700e3004cb0}]]></GPODomainGuid><GPODomainController><![CDATA[GPOSrv2016.security.local]]></GPODomainController><BackupTime><![CDATA[2026-01-09T16:21:52]]></BackupTime><ID><![CDATA[{7A965217-8441-42E2-A612-4B8A5D49CD53}]]></ID><Comment><![CDATA[]]></Comment><GPODisplayName><![CDATA[DoD WinSvr 2019 MS STIG Comp v3r7]]></GPODisplayName></BackupInst>
