<BackupInst xmlns="http://www.microsoft.com/GroupPolicy/GPOOperations/Manifest"><GPOGuid><![CDATA[{699D3B0C-7353-4A26-963A-2CDFA6B90116}]]></GPOGuid><GPODomain><![CDATA[security.local]]></GPODomain><GPODomainGuid><![CDATA[{2b127034-e676-4f54-b03a-e700e3004cb0}]]></GPODomainGuid><GPODomainController><![CDATA[GPOSrv2016.security.local]]></GPODomainController><BackupTime><![CDATA[2025-11-11T20:14:57]]></BackupTime><ID><![CDATA[{AF29BAF1-5516-4C12-8B19-AC6C86CBDE52}]]></ID><Comment><![CDATA[]]></Comment><GPODisplayName><![CDATA[DoD WinSvr 2025 DC STIG Comp v1r1]]></GPODisplayName></BackupInst>
