<BackupInst xmlns="http://www.microsoft.com/GroupPolicy/GPOOperations/Manifest"><GPOGuid><![CDATA[{B300F726-2E7D-46ED-8E9D-928B95C7A0DE}]]></GPOGuid><GPODomain><![CDATA[security.local]]></GPODomain><GPODomainGuid><![CDATA[{2b127034-e676-4f54-b03a-e700e3004cb0}]]></GPODomainGuid><GPODomainController><![CDATA[GPOSrv2016.security.local]]></GPODomainController><BackupTime><![CDATA[2026-01-09T16:17:27]]></BackupTime><ID><![CDATA[{893BF0A9-A4EC-4464-B75A-D597414C5A12}]]></ID><Comment><![CDATA[]]></Comment><GPODisplayName><![CDATA[DoD Microsoft Defender Antivirus STIG Computer v2r7]]></GPODisplayName></BackupInst>
