<Backups xmlns="http://www.microsoft.com/GroupPolicy/GPOOperations/Manifest" xmlns:mfst="http://www.microsoft.com/GroupPolicy/GPOOperations/Manifest" mfst:version="1.0"><BackupInst><GPOGuid><![CDATA[{F311E697-504E-4FB8-B74B-8666DEB10912}]]></GPOGuid><GPODomain><![CDATA[security.local]]></GPODomain><GPODomainGuid><![CDATA[{2b127034-e676-4f54-b03a-e700e3004cb0}]]></GPODomainGuid><GPODomainController><![CDATA[GPOSrv2016.security.local]]></GPODomainController><BackupTime><![CDATA[2026-01-09T16:13:47]]></BackupTime><ID><![CDATA[{6071F71F-AD50-4059-AC6D-EB17A4F7AEF6}]]></ID><Comment><![CDATA[]]></Comment><GPODisplayName><![CDATA[DoD Mozilla Firefox STIG v6r7]]></GPODisplayName></BackupInst></Backups>