<BackupInst xmlns="http://www.microsoft.com/GroupPolicy/GPOOperations/Manifest"><GPOGuid><![CDATA[{7514B5DB-D5D0-4A7B-8893-BA458CEB521C}]]></GPOGuid><GPODomain><![CDATA[security.local]]></GPODomain><GPODomainGuid><![CDATA[{2b127034-e676-4f54-b03a-e700e3004cb0}]]></GPODomainGuid><GPODomainController><![CDATA[GPOSrv2016.security.local]]></GPODomainController><BackupTime><![CDATA[2025-11-11T20:14:53]]></BackupTime><ID><![CDATA[{A75C536B-8DD0-44C3-AC44-50578B62EBF6}]]></ID><Comment><![CDATA[]]></Comment><GPODisplayName><![CDATA[DoD WinSvr 2025 MS STIG User v1r1]]></GPODisplayName></BackupInst>
