<Backups xmlns="http://www.microsoft.com/GroupPolicy/GPOOperations/Manifest" xmlns:mfst="http://www.microsoft.com/GroupPolicy/GPOOperations/Manifest" mfst:version="1.0"><BackupInst><GPOGuid><![CDATA[{C68B9BD7-9DA5-4C71-BE2D-66F78FA73923}]]></GPOGuid><GPODomain><![CDATA[security.local]]></GPODomain><GPODomainGuid><![CDATA[{2b127034-e676-4f54-b03a-e700e3004cb0}]]></GPODomainGuid><GPODomainController><![CDATA[GPOSrv2016.security.local]]></GPODomainController><BackupTime><![CDATA[2025-09-12T15:23:18]]></BackupTime><ID><![CDATA[{37EB9686-9AA3-44EB-9EFD-E92C19A5B92A}]]></ID><Comment><![CDATA[]]></Comment><GPODisplayName><![CDATA[DoD Office 2019-M365 Apps STIG Comp v3r4]]></GPODisplayName></BackupInst><BackupInst><GPOGuid><![CDATA[{9EA36A0D-D759-4AEF-8BDA-3F8682FD9246}]]></GPOGuid><GPODomain><![CDATA[security.local]]></GPODomain><GPODomainGuid><![CDATA[{2b127034-e676-4f54-b03a-e700e3004cb0}]]></GPODomainGuid><GPODomainController><![CDATA[GPOSrv2016.security.local]]></GPODomainController><BackupTime><![CDATA[2025-09-12T15:23:17]]></BackupTime><ID><![CDATA[{B3DE9937-EA41-4AFB-8CB5-15F2F9B59C32}]]></ID><Comment><![CDATA[]]></Comment><GPODisplayName><![CDATA[DoD Office 2019-M365 Apps STIG User v3r4]]></GPODisplayName></BackupInst></Backups>