<?xml version="1.0" encoding="utf-8"?><?xml-stylesheet type='text/xsl' href='STIG_unclass.xsl'?><Benchmark xmlns:dc="http://purl.org/dc/elements/1.1/" xmlns:xsi="http://www.w3.org/2001/XMLSchema-instance" xmlns:cpe="http://cpe.mitre.org/language/2.0" xmlns:xhtml="http://www.w3.org/1999/xhtml" xmlns:dsig="http://www.w3.org/2000/09/xmldsig#" xsi:schemaLocation="http://checklists.nist.gov/xccdf/1.1 http://nvd.nist.gov/schema/xccdf-1.1.4.xsd http://cpe.mitre.org/dictionary/2.0 http://cpe.mitre.org/files/cpe-dictionary_2.1.xsd" id="Cisco_IOS_XE_Switch_L2S_STIG" xml:lang="en" xmlns="http://checklists.nist.gov/xccdf/1.1"><status date="2025-05-19">accepted</status><title>Cisco IOS XE Switch L2S Security Technical Implementation Guide</title><description>This Security Technical Implementation Guide is published as a tool to improve the security of Department of Defense (DOD) information systems. The requirements are derived from the National Institute of Standards and Technology (NIST) 800-53 and related documents. Comments or proposed revisions to this document should be sent via email to the following address: disa.stig_spt@mail.mil.</description><notice id="terms-of-use" xml:lang="en"></notice><front-matter xml:lang="en"></front-matter><rear-matter xml:lang="en"></rear-matter><reference href="https://cyber.mil"><dc:publisher>DISA</dc:publisher><dc:source>STIG.DOD.MIL</dc:source></reference><plain-text id="release-info">Release: 2 Benchmark Date: 02 Jul 2025</plain-text><plain-text id="generator">3.5</plain-text><plain-text id="conventionsVersion">1.10.0</plain-text><version>3</version><Profile id="MAC-1_Classified"><title>I - Mission Critical Classified</title><description>&lt;ProfileDescription&gt;&lt;/ProfileDescription&gt;</description><select idref="V-220649" selected="true" /><select idref="V-220650" selected="true" /><select idref="V-220651" selected="true" /><select idref="V-220655" selected="true" /><select idref="V-220656" selected="true" /><select idref="V-220657" selected="true" /><select idref="V-220658" selected="true" /><select idref="V-220659" selected="true" /><select idref="V-220660" selected="true" /><select idref="V-220661" selected="true" /><select idref="V-220662" selected="true" /><select idref="V-220663" selected="true" /><select idref="V-220664" selected="true" /><select idref="V-220665" selected="true" /><select idref="V-220666" selected="true" /><select idref="V-220667" selected="true" /><select idref="V-220668" selected="true" /><select idref="V-220669" selected="true" /><select idref="V-220670" selected="true" /><select idref="V-220671" selected="true" /><select idref="V-220672" selected="true" /><select idref="V-220673" selected="true" /></Profile><Profile id="MAC-1_Public"><title>I - Mission Critical Public</title><description>&lt;ProfileDescription&gt;&lt;/ProfileDescription&gt;</description><select idref="V-220649" selected="true" /><select idref="V-220650" selected="true" /><select idref="V-220651" selected="true" /><select idref="V-220655" selected="true" /><select idref="V-220656" selected="true" /><select idref="V-220657" selected="true" /><select idref="V-220658" selected="true" /><select idref="V-220659" selected="true" /><select idref="V-220660" selected="true" /><select idref="V-220661" selected="true" /><select idref="V-220662" selected="true" /><select idref="V-220663" selected="true" /><select idref="V-220664" selected="true" /><select idref="V-220665" selected="true" /><select idref="V-220666" selected="true" /><select idref="V-220667" selected="true" /><select idref="V-220668" selected="true" /><select idref="V-220669" selected="true" /><select idref="V-220670" selected="true" /><select idref="V-220671" selected="true" /><select idref="V-220672" selected="true" /><select idref="V-220673" selected="true" /></Profile><Profile id="MAC-1_Sensitive"><title>I - Mission Critical Sensitive</title><description>&lt;ProfileDescription&gt;&lt;/ProfileDescription&gt;</description><select idref="V-220649" selected="true" /><select idref="V-220650" selected="true" /><select idref="V-220651" selected="true" /><select idref="V-220655" selected="true" /><select idref="V-220656" selected="true" /><select idref="V-220657" selected="true" /><select idref="V-220658" selected="true" /><select idref="V-220659" selected="true" /><select idref="V-220660" selected="true" /><select idref="V-220661" selected="true" /><select idref="V-220662" selected="true" /><select idref="V-220663" selected="true" /><select idref="V-220664" selected="true" /><select idref="V-220665" selected="true" /><select idref="V-220666" selected="true" /><select idref="V-220667" selected="true" /><select idref="V-220668" selected="true" /><select idref="V-220669" selected="true" /><select idref="V-220670" selected="true" /><select idref="V-220671" selected="true" /><select idref="V-220672" selected="true" /><select idref="V-220673" selected="true" /></Profile><Profile id="MAC-2_Classified"><title>II - Mission Support Classified</title><description>&lt;ProfileDescription&gt;&lt;/ProfileDescription&gt;</description><select idref="V-220649" selected="true" /><select idref="V-220650" selected="true" /><select idref="V-220651" selected="true" /><select idref="V-220655" selected="true" /><select idref="V-220656" selected="true" /><select idref="V-220657" selected="true" /><select idref="V-220658" selected="true" /><select idref="V-220659" selected="true" /><select idref="V-220660" selected="true" /><select idref="V-220661" selected="true" /><select idref="V-220662" selected="true" /><select idref="V-220663" selected="true" /><select idref="V-220664" selected="true" /><select idref="V-220665" selected="true" /><select idref="V-220666" selected="true" /><select idref="V-220667" selected="true" /><select idref="V-220668" selected="true" /><select idref="V-220669" selected="true" /><select idref="V-220670" selected="true" /><select idref="V-220671" selected="true" /><select idref="V-220672" selected="true" /><select idref="V-220673" selected="true" /></Profile><Profile id="MAC-2_Public"><title>II - Mission Support Public</title><description>&lt;ProfileDescription&gt;&lt;/ProfileDescription&gt;</description><select idref="V-220649" selected="true" /><select idref="V-220650" selected="true" /><select idref="V-220651" selected="true" /><select idref="V-220655" selected="true" /><select idref="V-220656" selected="true" /><select idref="V-220657" selected="true" /><select idref="V-220658" selected="true" /><select idref="V-220659" selected="true" /><select idref="V-220660" selected="true" /><select idref="V-220661" selected="true" /><select idref="V-220662" selected="true" /><select idref="V-220663" selected="true" /><select idref="V-220664" selected="true" /><select idref="V-220665" selected="true" /><select idref="V-220666" selected="true" /><select idref="V-220667" selected="true" /><select idref="V-220668" selected="true" /><select idref="V-220669" selected="true" /><select idref="V-220670" selected="true" /><select idref="V-220671" selected="true" /><select idref="V-220672" selected="true" /><select idref="V-220673" selected="true" /></Profile><Profile id="MAC-2_Sensitive"><title>II - Mission Support Sensitive</title><description>&lt;ProfileDescription&gt;&lt;/ProfileDescription&gt;</description><select idref="V-220649" selected="true" /><select idref="V-220650" selected="true" /><select idref="V-220651" selected="true" /><select idref="V-220655" selected="true" /><select idref="V-220656" selected="true" /><select idref="V-220657" selected="true" /><select idref="V-220658" selected="true" /><select idref="V-220659" selected="true" /><select idref="V-220660" selected="true" /><select idref="V-220661" selected="true" /><select idref="V-220662" selected="true" /><select idref="V-220663" selected="true" /><select idref="V-220664" selected="true" /><select idref="V-220665" selected="true" /><select idref="V-220666" selected="true" /><select idref="V-220667" selected="true" /><select idref="V-220668" selected="true" /><select idref="V-220669" selected="true" /><select idref="V-220670" selected="true" /><select idref="V-220671" selected="true" /><select idref="V-220672" selected="true" /><select idref="V-220673" selected="true" /></Profile><Profile id="MAC-3_Classified"><title>III - Administrative Classified</title><description>&lt;ProfileDescription&gt;&lt;/ProfileDescription&gt;</description><select idref="V-220649" selected="true" /><select idref="V-220650" selected="true" /><select idref="V-220651" selected="true" /><select idref="V-220655" selected="true" /><select idref="V-220656" selected="true" /><select idref="V-220657" selected="true" /><select idref="V-220658" selected="true" /><select idref="V-220659" selected="true" /><select idref="V-220660" selected="true" /><select idref="V-220661" selected="true" /><select idref="V-220662" selected="true" /><select idref="V-220663" selected="true" /><select idref="V-220664" selected="true" /><select idref="V-220665" selected="true" /><select idref="V-220666" selected="true" /><select idref="V-220667" selected="true" /><select idref="V-220668" selected="true" /><select idref="V-220669" selected="true" /><select idref="V-220670" selected="true" /><select idref="V-220671" selected="true" /><select idref="V-220672" selected="true" /><select idref="V-220673" selected="true" /></Profile><Profile id="MAC-3_Public"><title>III - Administrative Public</title><description>&lt;ProfileDescription&gt;&lt;/ProfileDescription&gt;</description><select idref="V-220649" selected="true" /><select idref="V-220650" selected="true" /><select idref="V-220651" selected="true" /><select idref="V-220655" selected="true" /><select idref="V-220656" selected="true" /><select idref="V-220657" selected="true" /><select idref="V-220658" selected="true" /><select idref="V-220659" selected="true" /><select idref="V-220660" selected="true" /><select idref="V-220661" selected="true" /><select idref="V-220662" selected="true" /><select idref="V-220663" selected="true" /><select idref="V-220664" selected="true" /><select idref="V-220665" selected="true" /><select idref="V-220666" selected="true" /><select idref="V-220667" selected="true" /><select idref="V-220668" selected="true" /><select idref="V-220669" selected="true" /><select idref="V-220670" selected="true" /><select idref="V-220671" selected="true" /><select idref="V-220672" selected="true" /><select idref="V-220673" selected="true" /></Profile><Profile id="MAC-3_Sensitive"><title>III - Administrative Sensitive</title><description>&lt;ProfileDescription&gt;&lt;/ProfileDescription&gt;</description><select idref="V-220649" selected="true" /><select idref="V-220650" selected="true" /><select idref="V-220651" selected="true" /><select idref="V-220655" selected="true" /><select idref="V-220656" selected="true" /><select idref="V-220657" selected="true" /><select idref="V-220658" selected="true" /><select idref="V-220659" selected="true" /><select idref="V-220660" selected="true" /><select idref="V-220661" selected="true" /><select idref="V-220662" selected="true" /><select idref="V-220663" selected="true" /><select idref="V-220664" selected="true" /><select idref="V-220665" selected="true" /><select idref="V-220666" selected="true" /><select idref="V-220667" selected="true" /><select idref="V-220668" selected="true" /><select idref="V-220669" selected="true" /><select idref="V-220670" selected="true" /><select idref="V-220671" selected="true" /><select idref="V-220672" selected="true" /><select idref="V-220673" selected="true" /></Profile><Group id="V-220649"><title>SRG-NET-000148-L2S-000015</title><description>&lt;GroupDescription&gt;&lt;/GroupDescription&gt;</description><Rule id="SV-220649r863283_rule" weight="10.0" severity="high"><version>CISC-L2-000020</version><title>The Cisco switch must uniquely identify and authenticate all network-connected endpoint devices before establishing any connection.</title><description>&lt;VulnDiscussion&gt;Controlling LAN access via 802.1x authentication can assist in preventing a malicious user from connecting an unauthorized PC to a switch port to inject or receive data from the network without detection.&lt;/VulnDiscussion&gt;&lt;FalsePositives&gt;&lt;/FalsePositives&gt;&lt;FalseNegatives&gt;&lt;/FalseNegatives&gt;&lt;Documentable&gt;false&lt;/Documentable&gt;&lt;Mitigations&gt;&lt;/Mitigations&gt;&lt;SeverityOverrideGuidance&gt;&lt;/SeverityOverrideGuidance&gt;&lt;PotentialImpacts&gt;&lt;/PotentialImpacts&gt;&lt;ThirdPartyTools&gt;&lt;/ThirdPartyTools&gt;&lt;MitigationControl&gt;&lt;/MitigationControl&gt;&lt;Responsibility&gt;&lt;/Responsibility&gt;&lt;IAControls&gt;&lt;/IAControls&gt;</description><reference><dc:title>DPMS Target Cisco IOS XE Switch L2S</dc:title><dc:publisher>DISA</dc:publisher><dc:type>DPMS Target</dc:type><dc:subject>Cisco IOS XE Switch L2S</dc:subject><dc:identifier>4071</dc:identifier></reference><ident system="http://cyber.mil/legacy">SV-110269</ident><ident system="http://cyber.mil/legacy">V-101165</ident><ident system="http://cyber.mil/cci">CCI-000778</ident><ident system="http://cyber.mil/cci">CCI-001958</ident><fixtext fixref="F-22353r507496_fix">Configure 802.1 x authentications on all host-facing access switch ports. To authenticate those devices that do not support 802.1x, MAC Authentication Bypass must be configured.

Step 1: Configure the radius servers as shown in the example below:

SW1(config)#radius server RADIUS_1
SW1(config-radius-server)#address ipv4 10.1.22.3
SW1(config-radius-server)#key xxxxxx
SW1(config-radius-server)#exit
SW1(config)#radius server RADIUS_2
SW1(config-radius-server)#address ipv4 10.1.14.5
SW1(config-radius-server)#key xxxxxx
SW1(config-radius-server)#exit

Step 2: Enable 802.1x authentication on the switch.

SW1(config)#aaa new-model 
SW1(config)#aaa group server radius RADIUS_SERVERS
SW1(config-sg-radius)#server name RADIUS_1
SW1(config-sg-radius)#server name RADIUS_2
SW1(config-sg-radius)#exit
SW1(config)#aaa authentication dot1x default group RADIUS_SERVERS
SW1(config)#dot1x system-auth-control

Step 3: Enable 802.1x on all host-facing interfaces as shown in the example below:

SW1(config)#int range g1/0 - 8
SW1(config-if-range)#switchport mode access 
SW1(config-if-range)#authentication host-mode single-host 
SW1(config-if-range)#dot1x pae authenticator 
SW1(config-if-range)#authentication port-control auto 
SW1(config-if-range)#end 

Note: Single-host is the default. Host-mode multi-domain (for VoIP phone + PC) or multi-auth (multiple PCs connected to a hub) can be configured as alternatives.</fixtext><fix id="F-22353r507496_fix" /><check system="C-22364r507495_chk"><check-content-ref href="Cisco_IOS_XE_Switch_L2S_STIG.xml" name="M" /><check-content>Verify if the switch configuration has 802.1x authentication implemented for all access switch ports connecting to LAN outlets (i.e., RJ-45 wall plates) or devices not located in the telecom room, wiring closets, or equipment rooms. MAC Authentication Bypass (MAB) must be configured on those switch ports connected to devices that do not support an 802.1x supplicant.

Step 1: Verify that 802.1x is configured on all host-facing interfaces as shown in the example below:

interface GigabitEthernet1/0
 switchport access vlan 12
 switchport mode access
 authentication port-control auto
 dot1x pae authenticator
!
interface GigabitEthernet1/1
 switchport access vlan 13
 switchport mode access
 authentication port-control auto
 dot1x pae authenticator
!
interface GigabitEthernet1/2
 switchport access vlan 13
 switchport mode access
 authentication port-control auto
 dot1x pae authenticator

Step 2: Verify that 802.1x authentication is configured on the switch as shown in the example below:

aaa new-model
!
!
aaa group server radius RADIUS_SERVERS
 server name RADIUS_1
 server name RADIUS_2
!
aaa authentication dot1x default group RADIUS_SERVERS
…
…
…
dot1x system-auth-control

Step 3: Verify that the radius servers have been defined.

SW1#show radius server-group RADIUS_SERVERS

Note: Single-host is the default. Host-mode multi-domain (for VoIP phone + PC) or multi-auth (multiple PCs connected to a hub) can be configured as alternatives. Host-mode multi-host is not compliant with this requirement.

If 802.1x authentication or MAB is not configured on all access switch ports connecting to LAN outlets or devices not located in the telecom room, wiring closets, or equipment rooms, this is a finding.</check-content></check></Rule></Group><Group id="V-220650"><title>SRG-NET-000168-L2S-000019</title><description>&lt;GroupDescription&gt;&lt;/GroupDescription&gt;</description><Rule id="SV-220650r539671_rule" weight="10.0" severity="medium"><version>CISC-L2-000030</version><title>The Cisco switch must authenticate all VLAN Trunk Protocol (VTP) messages with a hash function using the most secured cryptographic algorithm available.</title><description>&lt;VulnDiscussion&gt;VLAN Trunk Protocol (VTP) provides central management of VLAN domains, thus reducing administration in a switched network. When configuring a new VLAN on a VTP server, the VLAN is distributed through all switches in the domain. This reduces the need to configure the same VLAN everywhere. VTP pruning preserves bandwidth by preventing VLAN traffic (unknown MAC, broadcast, multicast) from being sent down trunk links when not needed, that is, there are no access switch ports in neighboring switches belonging to such VLANs. An attack can force a digest change for the VTP domain enabling a rogue device to become the VTP server, which could allow unauthorized access to previously blocked VLANs or allow the addition of unauthorized switches into the domain. Authenticating VTP messages with a cryptographic hash function can reduce the risk of the VTP domain's being compromised.&lt;/VulnDiscussion&gt;&lt;FalsePositives&gt;&lt;/FalsePositives&gt;&lt;FalseNegatives&gt;&lt;/FalseNegatives&gt;&lt;Documentable&gt;false&lt;/Documentable&gt;&lt;Mitigations&gt;&lt;/Mitigations&gt;&lt;SeverityOverrideGuidance&gt;&lt;/SeverityOverrideGuidance&gt;&lt;PotentialImpacts&gt;&lt;/PotentialImpacts&gt;&lt;ThirdPartyTools&gt;&lt;/ThirdPartyTools&gt;&lt;MitigationControl&gt;&lt;/MitigationControl&gt;&lt;Responsibility&gt;&lt;/Responsibility&gt;&lt;IAControls&gt;&lt;/IAControls&gt;</description><reference><dc:title>DPMS Target Cisco IOS XE Switch L2S</dc:title><dc:publisher>DISA</dc:publisher><dc:type>DPMS Target</dc:type><dc:subject>Cisco IOS XE Switch L2S</dc:subject><dc:identifier>4071</dc:identifier></reference><ident system="http://cyber.mil/legacy">SV-110271</ident><ident system="http://cyber.mil/legacy">V-101167</ident><ident system="http://cyber.mil/cci">CCI-000803</ident><fixtext fixref="F-22354r507499_fix">Configure the switch to authenticate all VLAN Trunk Protocol (VTP) messages with a hash function using a configured password as shown in the example below:

SW1(config)#vtp password xxxxxxxxx</fixtext><fix id="F-22354r507499_fix" /><check system="C-22365r507498_chk"><check-content-ref href="Cisco_IOS_XE_Switch_L2S_STIG.xml" name="M" /><check-content>Review the switch configuration to verify if VTP is enabled using the show vtp status command as shown in the example below:

Switch#show vtp status
VTP Version capable : 1 to 3
VTP version running : 1
VTP Domain Name : 
VTP Pruning Mode : Disabled
VTP Traps Generation : Disabled
Device ID : 5e00.0000.8000

Feature VLAN:
--------------
VTP Operating Mode : Off
Maximum VLANs supported locally : 1005
Number of existing VLANs : 5
Configuration Revision : 0
MD5 digest : 0x57 0xCD 0x40 0x65 0x63 0x59 0x47 0xBD 
 0x56 0x9D 0x4A 0x3E 0xA5 0x69 0x35 0xBC 
Switch#

If mode is set to anything other than off, verify that a password has been configured using the show vtp password command.

Note: VTP authenticates all messages using an MD5 hash that consists of the VTP version + The VTP Password + VTP Domain + VTP Configuration Revision.

If VTP is enabled on the switch and is not authenticating VTP messages with a hash function using a configured password, this is a finding.</check-content></check></Rule></Group><Group id="V-220651"><title>SRG-NET-000193-L2S-000020</title><description>&lt;GroupDescription&gt;&lt;/GroupDescription&gt;</description><Rule id="SV-220651r1107171_rule" weight="10.0" severity="medium"><version>CISC-L2-000040</version><title>The Cisco switch must manage excess bandwidth to limit the effects of packet flooding types of denial-of-service (DoS) attacks.</title><description>&lt;VulnDiscussion&gt;Denial of service is a condition when a resource is not available for legitimate users. Packet flooding distributed DoS (DDoS) attacks are referred to as volumetric attacks and have the objective of overloading a network or circuit to deny or seriously degrade performance, which denies access to the services that normally traverse the network or circuit. Volumetric attacks have become relatively easy to launch by using readily available tools such as Low Orbit Ion Cannon or by using botnets.

Measures to mitigate the effects of a successful volumetric attack must be taken to ensure that sufficient capacity is available for mission-critical traffic. Managing capacity may include, for example, establishing selected network usage priorities or quotas and enforcing them using rate limiting, Quality of Service (QoS), or other resource reservation control methods. These measures may also mitigate the effects of sudden decreases in network capacity that are the result of accidental or intentional physical damage to telecommunications facilities (such as cable cuts or weather-related outages).&lt;/VulnDiscussion&gt;&lt;FalsePositives&gt;&lt;/FalsePositives&gt;&lt;FalseNegatives&gt;&lt;/FalseNegatives&gt;&lt;Documentable&gt;false&lt;/Documentable&gt;&lt;Mitigations&gt;&lt;/Mitigations&gt;&lt;SeverityOverrideGuidance&gt;&lt;/SeverityOverrideGuidance&gt;&lt;PotentialImpacts&gt;&lt;/PotentialImpacts&gt;&lt;ThirdPartyTools&gt;&lt;/ThirdPartyTools&gt;&lt;MitigationControl&gt;&lt;/MitigationControl&gt;&lt;Responsibility&gt;&lt;/Responsibility&gt;&lt;IAControls&gt;&lt;/IAControls&gt;</description><reference><dc:title>DPMS Target Cisco IOS XE Switch L2S</dc:title><dc:publisher>DISA</dc:publisher><dc:type>DPMS Target</dc:type><dc:subject>Cisco IOS XE Switch L2S</dc:subject><dc:identifier>4071</dc:identifier></reference><ident system="http://cyber.mil/legacy">SV-110273</ident><ident system="http://cyber.mil/legacy">V-101169</ident><ident system="http://cyber.mil/cci">CCI-001095</ident><ident system="http://cyber.mil/cci">CCI-004866</ident><fixtext fixref="F-22355r507502_fix">Step 1: Configure class-maps to match on DSCP values as shown in the configuration example below:

SW1(config-cmap)#class-map match-all C2_VOICE
SW1(config-cmap)# match ip dscp 47
SW1(config-cmap)#class-map match-all VOICE
SW1(config-cmap)# match ip dscp ef
SW1(config-cmap)#class-map match-all VIDEO
SW1(config-cmap)# match ip dscp af41
SW1(config)#class-map match-all PREFERRED_DATA
SW1(config-cmap)# match ip dscp af33
SW1(config-cmap)#exit

Step 2: Configure a policy map to be applied to the core-layer-facing interface that reserves the bandwidth for each traffic type as shown in the example below:

SW1(config)#policy-map QOS_POLICY_SWITCHPORT
SW1(config-pmap-c)#class C2_VOICE
SW1(config-pmap-c)# priority level 1 10
SW1(config-pmap-c)#class VOICE
SW1(config-pmap-c)# priority level 2 15
SW1(config-pmap-c)#class VIDEO
SW1(config-pmap-c)#bandwidth percent 25
SW1(config-pmap-c)#class PREFERRED_DATA
SW1(config-pmap-c)#bandwidth percent 25
SW1(config-pmap-c)#class class-default
SW1(config-pmap-c)#bandwidth percent 25
SW1(config-pmap-c)#exit
SW1(config-pmap)#exit

Step 3: Apply the output service policy to the core-layer-facing interface as shown in the configuration example below:

SW1(config)#int g1/1
SW1(config-if)#service-policy output QOS_POLICY_SWITCHPORT
SW1(config-if)#exit
SW1(config)#int g1/2
SW1(config-if)#service-policy output QOS_POLICY_SWITCHPORT
SW1(config-if)#exit
SW1(config)#int g1/3
SW1(config-if)#service-policy output QOS_POLICY_SWITCHPORT
SW1(config-if)#end.</fixtext><fix id="F-22355r507502_fix" /><check system="C-22366r1107170_chk"><check-content-ref href="Cisco_IOS_XE_Switch_L2S_STIG.xml" name="M" /><check-content>Step 1: Verify that the class-maps are configured to match on DSCP values as shown in the configuration example below:

class-map match-all C2_VOICE
 match ip dscp 47
class-map match-all VOICE
 match ip dscp ef
class-map match-all VIDEO
 match ip dscp af41
class-map match-all PREFERRED_DATA
 match ip dscp af33

Step 2: Verify that the policy map reserves the bandwidth for each traffic type as shown in the following example:

policy-map QOS_POLICY_SWITCHPORT
class C2_VOICE
 priority level 1 10
 class VOICE
 priority level 2 15
 class VIDEO
 bandwidth percent 25
class PREFERRED_DATA
 bandwidth percent 25
 class class-default
 bandwidth percent 25
verone

interface GigabitEthernet1/1
 switchport trunk allowed vlan 100,110,200
switchport mode trunk
 service-policy output QOS_POLICY_SWITCHPORT
!
interface GigabitEthernet1/2
 switchport access vlan 100
 switchport mode access
 switchport voice vlan 200
 trust device cisco-phone
 service-policy output QOS_POLICY_SWITCHPORT
!
interface GigabitEthernet1/2
 switchport access vlan 110
 switchport mode access
 switchport voice vlan 200
 trust device cisco-phone
 service-policy output QOS_POLICY_SWITCHPORT

If quality of service (QoS) has not been enabled, this is a finding.</check-content></check></Rule></Group><Group id="V-220655"><title>SRG-NET-000362-L2S-000021</title><description>&lt;GroupDescription&gt;&lt;/GroupDescription&gt;</description><Rule id="SV-220655r917683_rule" weight="10.0" severity="low"><version>CISC-L2-000090</version><title>The Cisco switch must have Root Guard enabled on all switch ports connecting to access layer switches.</title><description>&lt;VulnDiscussion&gt;Spanning Tree Protocol (STP) does not provide any means for the network administrator to securely enforce the topology of the switched network. Any switch can be the root bridge in a network. However, a more optimal forwarding topology places the root bridge at a specific predetermined location. With the standard STP, any bridge in the network with a lower bridge ID takes the role of the root bridge. The administrator cannot enforce the position of the root bridge but can set the root bridge priority to 0 in an effort to secure the root bridge position.

The root guard feature provides a way to enforce the root bridge placement in the network. If the bridge receives superior STP Bridge Protocol Data Units (BPDUs) on a root guard-enabled port, root guard moves this port to a root-inconsistent STP state and no traffic can be forwarded across this port while it is in this state. To enforce the position of the root bridge it is imperative that root guard is enabled on all ports where the root bridge should never appear.&lt;/VulnDiscussion&gt;&lt;FalsePositives&gt;&lt;/FalsePositives&gt;&lt;FalseNegatives&gt;&lt;/FalseNegatives&gt;&lt;Documentable&gt;false&lt;/Documentable&gt;&lt;Mitigations&gt;&lt;/Mitigations&gt;&lt;SeverityOverrideGuidance&gt;&lt;/SeverityOverrideGuidance&gt;&lt;PotentialImpacts&gt;&lt;/PotentialImpacts&gt;&lt;ThirdPartyTools&gt;&lt;/ThirdPartyTools&gt;&lt;MitigationControl&gt;&lt;/MitigationControl&gt;&lt;Responsibility&gt;&lt;/Responsibility&gt;&lt;IAControls&gt;&lt;/IAControls&gt;</description><reference><dc:title>DPMS Target Cisco IOS XE Switch L2S</dc:title><dc:publisher>DISA</dc:publisher><dc:type>DPMS Target</dc:type><dc:subject>Cisco IOS XE Switch L2S</dc:subject><dc:identifier>4071</dc:identifier></reference><ident system="http://cyber.mil/legacy">SV-110281</ident><ident system="http://cyber.mil/legacy">V-101177</ident><ident system="http://cyber.mil/cci">CCI-002385</ident><fixtext fixref="F-22359r863266_fix">Configure the switch to have Root Guard enabled on all ports connecting to access layer switches.

SW1(config)#int range g0/0 - 9
SW1(config-if-range)#spanning-tree guard root</fixtext><fix id="F-22359r863266_fix" /><check system="C-22370r917682_chk"><check-content-ref href="Cisco_IOS_XE_Switch_L2S_STIG.xml" name="M" /><check-content>Review the switch topology as well as the configuration to verify that Root Guard is enabled on all switch ports connecting to access layer switches.

interface GigabitEthernet0/0
 spanning-tree guard root
!
interface GigabitEthernet0/1
 spanning-tree guard root
…
…
…
interface GigabitEthernet0/9 
 spanning-tree guard root

If the switch has not enabled Root Guard on all switch ports connecting to access layer switches, this is a finding.</check-content></check></Rule></Group><Group id="V-220656"><title>SRG-NET-000362-L2S-000022</title><description>&lt;GroupDescription&gt;&lt;/GroupDescription&gt;</description><Rule id="SV-220656r856278_rule" weight="10.0" severity="medium"><version>CISC-L2-000100</version><title>The Cisco switch must have BPDU Guard enabled on all user-facing or untrusted access switch ports.</title><description>&lt;VulnDiscussion&gt;If a rogue switch is introduced into the topology and transmits a Bridge Protocol Data Unit (BPDU) with a lower bridge priority than the existing root bridge, it will become the new root bridge and cause a topology change, rendering the network in a suboptimal state. The STP PortFast BPDU guard enhancement allows network designers to enforce the STP domain borders and keep the active topology predictable. The devices behind the ports that have STP PortFast enabled are not able to influence the STP topology. At the reception of BPDUs, the BPDU guard operation disables the port that has PortFast configured. The BPDU guard transitions the port into errdisable state and sends a log message.&lt;/VulnDiscussion&gt;&lt;FalsePositives&gt;&lt;/FalsePositives&gt;&lt;FalseNegatives&gt;&lt;/FalseNegatives&gt;&lt;Documentable&gt;false&lt;/Documentable&gt;&lt;Mitigations&gt;&lt;/Mitigations&gt;&lt;SeverityOverrideGuidance&gt;&lt;/SeverityOverrideGuidance&gt;&lt;PotentialImpacts&gt;&lt;/PotentialImpacts&gt;&lt;ThirdPartyTools&gt;&lt;/ThirdPartyTools&gt;&lt;MitigationControl&gt;&lt;/MitigationControl&gt;&lt;Responsibility&gt;&lt;/Responsibility&gt;&lt;IAControls&gt;&lt;/IAControls&gt;</description><reference><dc:title>DPMS Target Cisco IOS XE Switch L2S</dc:title><dc:publisher>DISA</dc:publisher><dc:type>DPMS Target</dc:type><dc:subject>Cisco IOS XE Switch L2S</dc:subject><dc:identifier>4071</dc:identifier></reference><ident system="http://cyber.mil/legacy">SV-110283</ident><ident system="http://cyber.mil/legacy">V-101179</ident><ident system="http://cyber.mil/cci">CCI-002385</ident><fixtext fixref="F-22360r507517_fix">Ensure that BPDU Guard is enabled on all user-facing or untrusted access switch ports as shown in the configuration example below:

SW1(config)#int range g0/0 - 9
SW1(config-if-range)#spanning-tree bpduguard enable

Note: BPDU guard can also be enabled globally on all Port Fast-enabled ports by using the spanning-tree portfast bpduguard default command.</fixtext><fix id="F-22360r507517_fix" /><check system="C-22371r507516_chk"><check-content-ref href="Cisco_IOS_XE_Switch_L2S_STIG.xml" name="M" /><check-content>Review the switch configuration to verify that BPDU Guard is enabled on all user-facing or untrusted access switch ports as shown in the configuration example below:

interface GigabitEthernet0/0
 spanning-tree bpduguard enable
!
interface GigabitEthernet0/1
 spanning-tree bpduguard enable
…
…
…
interface GigabitEthernet0/9 
 spanning-tree bpduguard enable

If the switch has not enabled BPDU Guard, this is a finding.</check-content></check></Rule></Group><Group id="V-220657"><title>SRG-NET-000362-L2S-000023</title><description>&lt;GroupDescription&gt;&lt;/GroupDescription&gt;</description><Rule id="SV-220657r856279_rule" weight="10.0" severity="medium"><version>CISC-L2-000110</version><title>The Cisco switch must have STP Loop Guard enabled.</title><description>&lt;VulnDiscussion&gt;The Spanning Tree Protocol (STP) loop guard feature provides additional protection against STP loops. An STP loop is created when an STP blocking port in a redundant topology erroneously transitions to the forwarding state. In its operation, STP relies on continuous reception and transmission of BPDUs based on the port role. The designated port transmits BPDUs, and the non-designated port receives BPDUs. When one of the ports in a physically redundant topology no longer receives BPDUs, the STP conceives that the topology is loop free. Eventually, the blocking port from the alternate or backup port becomes a designated port and moves to a forwarding state. This situation creates a loop. The loop guard feature makes additional checks. If BPDUs are not received on a non-designated port and loop guard is enabled, that port is moved into the STP loop-inconsistent blocking state.&lt;/VulnDiscussion&gt;&lt;FalsePositives&gt;&lt;/FalsePositives&gt;&lt;FalseNegatives&gt;&lt;/FalseNegatives&gt;&lt;Documentable&gt;false&lt;/Documentable&gt;&lt;Mitigations&gt;&lt;/Mitigations&gt;&lt;SeverityOverrideGuidance&gt;&lt;/SeverityOverrideGuidance&gt;&lt;PotentialImpacts&gt;&lt;/PotentialImpacts&gt;&lt;ThirdPartyTools&gt;&lt;/ThirdPartyTools&gt;&lt;MitigationControl&gt;&lt;/MitigationControl&gt;&lt;Responsibility&gt;&lt;/Responsibility&gt;&lt;IAControls&gt;&lt;/IAControls&gt;</description><reference><dc:title>DPMS Target Cisco IOS XE Switch L2S</dc:title><dc:publisher>DISA</dc:publisher><dc:type>DPMS Target</dc:type><dc:subject>Cisco IOS XE Switch L2S</dc:subject><dc:identifier>4071</dc:identifier></reference><ident system="http://cyber.mil/legacy">SV-110285</ident><ident system="http://cyber.mil/legacy">V-101181</ident><ident system="http://cyber.mil/cci">CCI-002385</ident><fixtext fixref="F-22361r507520_fix">Configure the switch to have STP Loop Guard enabled via the spanning-tree loopguard default global command.</fixtext><fix id="F-22361r507520_fix" /><check system="C-22372r507519_chk"><check-content-ref href="Cisco_IOS_XE_Switch_L2S_STIG.xml" name="M" /><check-content>Review the switch configuration to verify that STP Loop Guard is enabled as shown in the configuration example below:

hostname SW2
…
…
…
spanning-tree mode pvst
spanning-tree loopguard default

If STP Loop Guard is not enabled, this is a finding.</check-content></check></Rule></Group><Group id="V-220658"><title>SRG-NET-000362-L2S-000024</title><description>&lt;GroupDescription&gt;&lt;/GroupDescription&gt;</description><Rule id="SV-220658r856280_rule" weight="10.0" severity="medium"><version>CISC-L2-000120</version><title>The Cisco switch must have Unknown Unicast Flood Blocking (UUFB) enabled.</title><description>&lt;VulnDiscussion&gt;Access layer switches use the Content Addressable Memory (CAM) table to direct traffic to specific ports based on the VLAN number and the destination MAC address of the frame. When a router has an Address Resolution Protocol (ARP) entry for a destination host and forwards it to the access layer switch and there is no entry corresponding to the frame's destination MAC address in the incoming VLAN, the frame will be sent to all forwarding ports within the respective VLAN, which causes flooding. Large amounts of flooded traffic can saturate low-bandwidth links, causing network performance issues or complete connectivity outage to the connected devices. Unknown unicast flooding has been a nagging problem in networks that have asymmetric routing and default timers. To mitigate the risk of a connectivity outage, the Unknown Unicast Flood Blocking (UUFB) feature must be implemented on all access layer switches. The UUFB feature will block unknown unicast traffic flooding and only permit egress traffic with MAC addresses that are known to exit on the port.&lt;/VulnDiscussion&gt;&lt;FalsePositives&gt;&lt;/FalsePositives&gt;&lt;FalseNegatives&gt;&lt;/FalseNegatives&gt;&lt;Documentable&gt;false&lt;/Documentable&gt;&lt;Mitigations&gt;&lt;/Mitigations&gt;&lt;SeverityOverrideGuidance&gt;&lt;/SeverityOverrideGuidance&gt;&lt;PotentialImpacts&gt;&lt;/PotentialImpacts&gt;&lt;ThirdPartyTools&gt;&lt;/ThirdPartyTools&gt;&lt;MitigationControl&gt;&lt;/MitigationControl&gt;&lt;Responsibility&gt;&lt;/Responsibility&gt;&lt;IAControls&gt;&lt;/IAControls&gt;</description><reference><dc:title>DPMS Target Cisco IOS XE Switch L2S</dc:title><dc:publisher>DISA</dc:publisher><dc:type>DPMS Target</dc:type><dc:subject>Cisco IOS XE Switch L2S</dc:subject><dc:identifier>4071</dc:identifier></reference><ident system="http://cyber.mil/legacy">SV-110287</ident><ident system="http://cyber.mil/legacy">V-101183</ident><ident system="http://cyber.mil/cci">CCI-002385</ident><fixtext fixref="F-22362r507523_fix">Configure the switch to have Unknown Unicast Flood Blocking (UUFB) enabled as shown in the configuration example below:

SW1(config)#int range g0/0 - 9
SW1(config-if-range)#switchport block unicast</fixtext><fix id="F-22362r507523_fix" /><check system="C-22373r507522_chk"><check-content-ref href="Cisco_IOS_XE_Switch_L2S_STIG.xml" name="M" /><check-content>Review the switch configuration to verify that UUFB is enabled on all access switch ports as shown in the configuration example below:

interface GigabitEthernet0/0
 switchport block unicast
!
interface GigabitEthernet0/1
 switchport block unicast
…
…
…
interface GigabitEthernet0/9 
 switchport block unicast

If any access switch ports do not have UUFB enabled, this is a finding.</check-content></check></Rule></Group><Group id="V-220659"><title>SRG-NET-000362-L2S-000025</title><description>&lt;GroupDescription&gt;&lt;/GroupDescription&gt;</description><Rule id="SV-220659r928999_rule" weight="10.0" severity="medium"><version>CISC-L2-000130</version><title>The Cisco switch must have DHCP snooping for all user VLANs to validate DHCP messages from untrusted sources.</title><description>&lt;VulnDiscussion&gt;In an enterprise network, devices under administrative control are trusted sources. These devices include the switches, routers, and servers in the network. Host ports and unknown DHCP servers are considered untrusted sources. An unknown DHCP server on the network on an untrusted port is called a spurious DHCP server, any device (PC, Wireless Access Point) that is loaded with DHCP server enabled. The DHCP snooping feature determines whether traffic sources are trusted or untrusted. The potential exists for a spurious DHCP server to respond to DHCPDISCOVER messages before the real server has time to respond. DHCP snooping allows switches on the network to trust the port a DHCP server is connected to and not trust the other ports.

The DHCP snooping feature validates DHCP messages received from untrusted sources and filters out invalid messages as well as rate-limits DHCP traffic from trusted and untrusted sources. DHCP snooping feature builds and maintains a binding database, which contains information about untrusted hosts with leased IP addresses, and it utilizes the database to validate subsequent requests from untrusted hosts. Other security features, such as IP Source Guard and Dynamic Address Resolution Protocol (ARP) Inspection (DAI), also use information stored in the DHCP snooping binding database. Hence, it is imperative that the DHCP snooping feature is enabled on all VLANs.&lt;/VulnDiscussion&gt;&lt;FalsePositives&gt;&lt;/FalsePositives&gt;&lt;FalseNegatives&gt;&lt;/FalseNegatives&gt;&lt;Documentable&gt;false&lt;/Documentable&gt;&lt;Mitigations&gt;&lt;/Mitigations&gt;&lt;SeverityOverrideGuidance&gt;&lt;/SeverityOverrideGuidance&gt;&lt;PotentialImpacts&gt;&lt;/PotentialImpacts&gt;&lt;ThirdPartyTools&gt;&lt;/ThirdPartyTools&gt;&lt;MitigationControl&gt;&lt;/MitigationControl&gt;&lt;Responsibility&gt;&lt;/Responsibility&gt;&lt;IAControls&gt;&lt;/IAControls&gt;</description><reference><dc:title>DPMS Target Cisco IOS XE Switch L2S</dc:title><dc:publisher>DISA</dc:publisher><dc:type>DPMS Target</dc:type><dc:subject>Cisco IOS XE Switch L2S</dc:subject><dc:identifier>4071</dc:identifier></reference><ident system="http://cyber.mil/legacy">SV-110289</ident><ident system="http://cyber.mil/legacy">V-101185</ident><ident system="http://cyber.mil/cci">CCI-002385</ident><fixtext fixref="F-22363r507526_fix">Configure the switch to have DHCP snooping for all user VLANs to validate DHCP messages from untrusted sources as shown in the example below: 

SW2(config)#ip dhcp snooping
SW2(config)#ip dhcp snooping vlan 2,4-8,11</fixtext><fix id="F-22363r507526_fix" /><check system="C-22374r928998_chk"><check-content-ref href="Cisco_IOS_XE_Switch_L2S_STIG.xml" name="M" /><check-content>Review the switch configuration and verify that DHCP snooping is enabled on all user VLANs as shown in the example below:

hostname SW2
…
…
…
ip dhcp snooping vlan 2,4-8,11
ip dhcp snooping

Note: Switchports assigned to a user VLAN would have drops in the area where the user community would reside; hence, the "untrusted" term is used. Server and printer VLANs would not be applicable.

If the switch does not have DHCP snooping enabled for all user VLANs to validate DHCP messages from untrusted sources, this is a finding.</check-content></check></Rule></Group><Group id="V-220660"><title>SRG-NET-000362-L2S-000026</title><description>&lt;GroupDescription&gt;&lt;/GroupDescription&gt;</description><Rule id="SV-220660r929001_rule" weight="10.0" severity="medium"><version>CISC-L2-000140</version><title>The Cisco switch must have IP Source Guard enabled on all user-facing or untrusted access switch ports.</title><description>&lt;VulnDiscussion&gt;IP Source Guard provides source IP address filtering on a Layer 2 port to prevent a malicious host from impersonating a legitimate host by assuming the legitimate host's IP address. The feature uses dynamic DHCP snooping and static IP source binding to match IP addresses to hosts on untrusted Layer 2 access ports. Initially, all IP traffic on the protected port is blocked except for DHCP packets. After a client receives an IP address from the DHCP server, or after static IP source binding is configured by the administrator, all traffic with that IP source address is permitted from that client. Traffic from other hosts is denied. This filtering limits a host's ability to attack the network by claiming a neighbor host's IP address.&lt;/VulnDiscussion&gt;&lt;FalsePositives&gt;&lt;/FalsePositives&gt;&lt;FalseNegatives&gt;&lt;/FalseNegatives&gt;&lt;Documentable&gt;false&lt;/Documentable&gt;&lt;Mitigations&gt;&lt;/Mitigations&gt;&lt;SeverityOverrideGuidance&gt;&lt;/SeverityOverrideGuidance&gt;&lt;PotentialImpacts&gt;&lt;/PotentialImpacts&gt;&lt;ThirdPartyTools&gt;&lt;/ThirdPartyTools&gt;&lt;MitigationControl&gt;&lt;/MitigationControl&gt;&lt;Responsibility&gt;&lt;/Responsibility&gt;&lt;IAControls&gt;&lt;/IAControls&gt;</description><reference><dc:title>DPMS Target Cisco IOS XE Switch L2S</dc:title><dc:publisher>DISA</dc:publisher><dc:type>DPMS Target</dc:type><dc:subject>Cisco IOS XE Switch L2S</dc:subject><dc:identifier>4071</dc:identifier></reference><ident system="http://cyber.mil/legacy">SV-110291</ident><ident system="http://cyber.mil/legacy">V-101187</ident><ident system="http://cyber.mil/cci">CCI-002385</ident><fixtext fixref="F-22364r507529_fix">Configure the switch to have IP Source Guard enabled on all user-facing or untrusted access switch ports.

SW2(config)#int range g0/0 - 9
SW2(config-if-range)#ip verify source</fixtext><fix id="F-22364r507529_fix" /><check system="C-22375r929000_chk"><check-content-ref href="Cisco_IOS_XE_Switch_L2S_STIG.xml" name="M" /><check-content>Review the switch configuration to verify that IP Source Guard is enabled on all user-facing or untrusted access switch ports as shown in the example below:

interface GigabitEthernet0/0
 ip verify source
!
interface GigabitEthernet0/1
 ip verify source
…
…
…
interface GigabitEthernet0/9 
 ip verify source

Note: The IP Source Guard feature depends on the entries in the DHCP snooping database or static IP-MAC-VLAN configuration commands to verify IP-to-MAC address bindings.

If the switch does not have IP Source Guard enabled on all untrusted access switch ports, this is a finding.</check-content></check></Rule></Group><Group id="V-220661"><title>SRG-NET-000362-L2S-000027</title><description>&lt;GroupDescription&gt;&lt;/GroupDescription&gt;</description><Rule id="SV-220661r929003_rule" weight="10.0" severity="medium"><version>CISC-L2-000150</version><title>The Cisco switch must have Dynamic Address Resolution Protocol (ARP) Inspection (DAI) enabled on all user VLANs.</title><description>&lt;VulnDiscussion&gt;DAI intercepts Address Resolution Protocol (ARP) requests and verifies that each of these packets has a valid IP-to-MAC address binding before updating the local ARP cache and before forwarding the packet to the appropriate destination. Invalid ARP packets are dropped and logged. DAI determines the validity of an ARP packet based on valid IP-to-MAC address bindings stored in the DHCP snooping binding database. If the ARP packet is received on a trusted interface, the switch forwards the packet without any checks. On untrusted interfaces, the switch forwards the packet only if it is valid.&lt;/VulnDiscussion&gt;&lt;FalsePositives&gt;&lt;/FalsePositives&gt;&lt;FalseNegatives&gt;&lt;/FalseNegatives&gt;&lt;Documentable&gt;false&lt;/Documentable&gt;&lt;Mitigations&gt;&lt;/Mitigations&gt;&lt;SeverityOverrideGuidance&gt;&lt;/SeverityOverrideGuidance&gt;&lt;PotentialImpacts&gt;&lt;/PotentialImpacts&gt;&lt;ThirdPartyTools&gt;&lt;/ThirdPartyTools&gt;&lt;MitigationControl&gt;&lt;/MitigationControl&gt;&lt;Responsibility&gt;&lt;/Responsibility&gt;&lt;IAControls&gt;&lt;/IAControls&gt;</description><reference><dc:title>DPMS Target Cisco IOS XE Switch L2S</dc:title><dc:publisher>DISA</dc:publisher><dc:type>DPMS Target</dc:type><dc:subject>Cisco IOS XE Switch L2S</dc:subject><dc:identifier>4071</dc:identifier></reference><ident system="http://cyber.mil/legacy">SV-110293</ident><ident system="http://cyber.mil/legacy">V-101189</ident><ident system="http://cyber.mil/cci">CCI-002385</ident><fixtext fixref="F-22365r507532_fix">Configure the switch to have Dynamic Address Resolution Protocol (ARP) Inspection (DAI) enabled on all user VLANs as shown in the example below:

SW2(config)#ip arp inspection vlan 2,4-8,11</fixtext><fix id="F-22365r507532_fix" /><check system="C-22376r929002_chk"><check-content-ref href="Cisco_IOS_XE_Switch_L2S_STIG.xml" name="M" /><check-content>Review the switch configuration to verify that Dynamic Address Resolution Protocol (ARP) Inspection (DAI) feature is enabled on all user VLANs. 

hostname SW2
…
…
…
ip arp inspection vlan 2,4-8,11

Note: DAI depends on the entries in the DHCP snooping binding database to verify IP-to-MAC address bindings in incoming ARP requests and ARP responses.

If DAI is not enabled on all user VLANs, this is a finding.</check-content></check></Rule></Group><Group id="V-220662"><title>SRG-NET-000512-L2S-000001</title><description>&lt;GroupDescription&gt;&lt;/GroupDescription&gt;</description><Rule id="SV-220662r648766_rule" weight="10.0" severity="low"><version>CISC-L2-000160</version><title>The Cisco switch must have Storm Control configured on all host-facing switchports.</title><description>&lt;VulnDiscussion&gt;A traffic storm occurs when packets flood a LAN, creating excessive traffic and degrading network performance. Traffic storm control prevents network disruption by suppressing ingress traffic when the number of packets reaches a configured threshold levels. Traffic storm control monitors ingress traffic levels on a port and drops traffic when the number of packets reaches the configured threshold level during any one-second interval.&lt;/VulnDiscussion&gt;&lt;FalsePositives&gt;&lt;/FalsePositives&gt;&lt;FalseNegatives&gt;&lt;/FalseNegatives&gt;&lt;Documentable&gt;false&lt;/Documentable&gt;&lt;Mitigations&gt;&lt;/Mitigations&gt;&lt;SeverityOverrideGuidance&gt;&lt;/SeverityOverrideGuidance&gt;&lt;PotentialImpacts&gt;&lt;/PotentialImpacts&gt;&lt;ThirdPartyTools&gt;&lt;/ThirdPartyTools&gt;&lt;MitigationControl&gt;&lt;/MitigationControl&gt;&lt;Responsibility&gt;&lt;/Responsibility&gt;&lt;IAControls&gt;&lt;/IAControls&gt;</description><reference><dc:title>DPMS Target Cisco IOS XE Switch L2S</dc:title><dc:publisher>DISA</dc:publisher><dc:type>DPMS Target</dc:type><dc:subject>Cisco IOS XE Switch L2S</dc:subject><dc:identifier>4071</dc:identifier></reference><ident system="http://cyber.mil/legacy">SV-110295</ident><ident system="http://cyber.mil/legacy">V-101191</ident><ident system="http://cyber.mil/cci">CCI-000366</ident><fixtext fixref="F-22366r648765_fix">Configure storm control for each host-facing interface as shown in the example below:

SW1(config)#int range g0/2 - 8 
SW1(config-if-range)#storm-control unicast bps 62000000 
SW1(config-if-range)#storm-control broadcast level bps 20000000 

Note: The acceptable range is 10000000 -1000000000 for a gigabit Ethernet interface, and 100000000-10000000000 for a ten gigabit interface. Storm control is not supported on most FastEthernet interfaces.</fixtext><fix id="F-22366r648765_fix" /><check system="C-22377r648764_chk"><check-content-ref href="Cisco_IOS_XE_Switch_L2S_STIG.xml" name="M" /><check-content>Review the switch configuration to verify that storm control is enabled on all host-facing interfaces as shown in the example below:

interface GigabitEthernet0/3
switchport access vlan 12
storm-control unicast level bps 62000000
storm-control broadcast level bps 20000000

Note: Bandwidth percentage thresholds (via level parameter) can be used in lieu of PPS rate.

If storm control is not enabled at a minimum for broadcast traffic, this is a finding.</check-content></check></Rule></Group><Group id="V-220663"><title>SRG-NET-000512-L2S-000002</title><description>&lt;GroupDescription&gt;&lt;/GroupDescription&gt;</description><Rule id="SV-220663r929005_rule" weight="10.0" severity="low"><version>CISC-L2-000170</version><title>The Cisco switch must have IGMP or MLD Snooping configured on all VLANs.</title><description>&lt;VulnDiscussion&gt;IGMP and MLD snooping provides a way to constrain multicast traffic at Layer 2. By monitoring the IGMP or MLD membership reports sent by hosts within a VLAN, the snooping application can set up Layer 2 multicast forwarding tables to deliver specific multicast traffic only to interfaces connected to hosts interested in receiving the traffic, thereby significantly reducing the volume of multicast traffic that would otherwise flood the VLAN.&lt;/VulnDiscussion&gt;&lt;FalsePositives&gt;&lt;/FalsePositives&gt;&lt;FalseNegatives&gt;&lt;/FalseNegatives&gt;&lt;Documentable&gt;false&lt;/Documentable&gt;&lt;Mitigations&gt;&lt;/Mitigations&gt;&lt;SeverityOverrideGuidance&gt;&lt;/SeverityOverrideGuidance&gt;&lt;PotentialImpacts&gt;&lt;/PotentialImpacts&gt;&lt;ThirdPartyTools&gt;&lt;/ThirdPartyTools&gt;&lt;MitigationControl&gt;&lt;/MitigationControl&gt;&lt;Responsibility&gt;&lt;/Responsibility&gt;&lt;IAControls&gt;&lt;/IAControls&gt;</description><reference><dc:title>DPMS Target Cisco IOS XE Switch L2S</dc:title><dc:publisher>DISA</dc:publisher><dc:type>DPMS Target</dc:type><dc:subject>Cisco IOS XE Switch L2S</dc:subject><dc:identifier>4071</dc:identifier></reference><ident system="http://cyber.mil/legacy">SV-110297</ident><ident system="http://cyber.mil/legacy">V-101193</ident><ident system="http://cyber.mil/cci">CCI-000366</ident><fixtext fixref="F-22367r507538_fix">Configure IGMP or MLD snooping for IPv4 and IPv6 multicast traffic respectively globally.

SW1(config)#ip igmp snooping</fixtext><fix id="F-22367r507538_fix" /><check system="C-22378r929004_chk"><check-content-ref href="Cisco_IOS_XE_Switch_L2S_STIG.xml" name="M" /><check-content>Review the switch configuration to verify that IGMP or MLD snooping has been configured for IPv4 and IPv6 multicast traffic respectively. Below is an example of the steps to verify that IGMP snooping is enabled for each VLAN.

Step 1: Verify that IGMP or MLD snooping is enabled globally. By default, IGMP snooping is enabled globally; hence, the following command should not be in the switch configuration: 

no ip igmp snooping

Step 2: Verify that IGMP snooping is not disabled for any VLAN as shown in the example below:

no ip igmp snooping vlan 11

Note: When globally enabled, it is also enabled by default on all VLANs, but can be disabled on a per-VLAN basis. If global snooping is disabled, VLAN snooping cannot be enabled. 

If the switch is not configured to implement IGMP or MLD snooping for each VLAN, this is a finding.</check-content></check></Rule></Group><Group id="V-220664"><title>SRG-NET-000512-L2S-000003</title><description>&lt;GroupDescription&gt;&lt;/GroupDescription&gt;</description><Rule id="SV-220664r539671_rule" weight="10.0" severity="medium"><version>CISC-L2-000180</version><title>The Cisco switch must implement Rapid STP where VLANs span multiple switches with redundant links.</title><description>&lt;VulnDiscussion&gt;Spanning Tree Protocol (STP) is implemented on bridges and switches to prevent layer 2 loops when a broadcast domain spans multiple bridges and switches and when redundant links are provisioned to provide high availability in case of link failures. Convergence time can be significantly reduced using Rapid STP (802.1w) instead of STP (802.1d), resulting in improved availability. Rapid STP should be deployed by implementing either Rapid Per-VLAN-Spanning-Tree (Rapid-PVST) or Multiple Spanning-Tree Protocol (MSTP), the latter scales much better when there are many VLANs.&lt;/VulnDiscussion&gt;&lt;FalsePositives&gt;&lt;/FalsePositives&gt;&lt;FalseNegatives&gt;&lt;/FalseNegatives&gt;&lt;Documentable&gt;false&lt;/Documentable&gt;&lt;Mitigations&gt;&lt;/Mitigations&gt;&lt;SeverityOverrideGuidance&gt;&lt;/SeverityOverrideGuidance&gt;&lt;PotentialImpacts&gt;&lt;/PotentialImpacts&gt;&lt;ThirdPartyTools&gt;&lt;/ThirdPartyTools&gt;&lt;MitigationControl&gt;&lt;/MitigationControl&gt;&lt;Responsibility&gt;&lt;/Responsibility&gt;&lt;IAControls&gt;&lt;/IAControls&gt;</description><reference><dc:title>DPMS Target Cisco IOS XE Switch L2S</dc:title><dc:publisher>DISA</dc:publisher><dc:type>DPMS Target</dc:type><dc:subject>Cisco IOS XE Switch L2S</dc:subject><dc:identifier>4071</dc:identifier></reference><ident system="http://cyber.mil/legacy">SV-110303</ident><ident system="http://cyber.mil/legacy">V-101199</ident><ident system="http://cyber.mil/cci">CCI-000366</ident><fixtext fixref="F-22368r507541_fix">Configure Rapid STP or MSTP to be implemented at the access and distribution layers where VLANs span multiple switches as shown in the examples below:

SW2(config)#spanning-tree mode rapid-pvst

or 

SW1(config)#spanning-tree mode mst</fixtext><fix id="F-22368r507541_fix" /><check system="C-22379r507540_chk"><check-content-ref href="Cisco_IOS_XE_Switch_L2S_STIG.xml" name="M" /><check-content>In cases where VLANs do not span multiple switches, it is a best practice to not implement STP. Avoiding the use of STP will provide the most deterministic and highly available network topology. If STP is required, then review the switch configuration to verify that Rapid STP has been implemented. 

hostname SW2
…
…
…
spanning-tree mode rapid-pvst

Note: Multiple STP (MSTP) can be configured as an alternate mode. MSTP which uses RSTP for rapid convergence and enables multiple VLANs to be grouped into and mapped to the same spanning-tree instance; thereby reducing the number of spanning-tree instances needed to support a large number of VLANs.

If either RSTP or MSTP has not been implemented where STP is required, this is a finding.</check-content></check></Rule></Group><Group id="V-220665"><title>SRG-NET-000512-L2S-000004</title><description>&lt;GroupDescription&gt;&lt;/GroupDescription&gt;</description><Rule id="SV-220665r539671_rule" weight="10.0" severity="medium"><version>CISC-L2-000190</version><title>The Cisco switch must enable Unidirectional Link Detection (UDLD) to protect against one-way connections.</title><description>&lt;VulnDiscussion&gt;In topologies where fiber optic interconnections are used, physical misconnections can occur that allow a link to appear to be up when there is a mismatched set of transmit/receive pairs. When such a physical misconfiguration occurs, protocols such as STP can cause network instability. UDLD is a layer 2 protocol that can detect these physical misconfigurations by verifying that traffic is flowing bidirectional between neighbors. Ports with UDLD enabled periodically transmit packets to neighbor devices. If the packets are not echoed back within a specific time frame, the link is flagged as unidirectional and the interface is shut down.&lt;/VulnDiscussion&gt;&lt;FalsePositives&gt;&lt;/FalsePositives&gt;&lt;FalseNegatives&gt;&lt;/FalseNegatives&gt;&lt;Documentable&gt;false&lt;/Documentable&gt;&lt;Mitigations&gt;&lt;/Mitigations&gt;&lt;SeverityOverrideGuidance&gt;&lt;/SeverityOverrideGuidance&gt;&lt;PotentialImpacts&gt;&lt;/PotentialImpacts&gt;&lt;ThirdPartyTools&gt;&lt;/ThirdPartyTools&gt;&lt;MitigationControl&gt;&lt;/MitigationControl&gt;&lt;Responsibility&gt;&lt;/Responsibility&gt;&lt;IAControls&gt;&lt;/IAControls&gt;</description><reference><dc:title>DPMS Target Cisco IOS XE Switch L2S</dc:title><dc:publisher>DISA</dc:publisher><dc:type>DPMS Target</dc:type><dc:subject>Cisco IOS XE Switch L2S</dc:subject><dc:identifier>4071</dc:identifier></reference><ident system="http://cyber.mil/legacy">SV-110305</ident><ident system="http://cyber.mil/legacy">V-101201</ident><ident system="http://cyber.mil/cci">CCI-000366</ident><fixtext fixref="F-22369r507544_fix">Configure the switch to enable Unidirectional Link Detection (UDLD) to protect against one-way connections.

SW2(config)#udld enable

or

SW2(config)#int g0/1
SW2(config-if)#udld port</fixtext><fix id="F-22369r507544_fix" /><check system="C-22380r507543_chk"><check-content-ref href="Cisco_IOS_XE_Switch_L2S_STIG.xml" name="M" /><check-content>If any of the switch ports have fiber optic interconnections with neighbors, review the switch configuration to verify that UDLD is enabled globally or on a per-interface basis as shown in the examples below:

hostname SW2
…
…
…
udld enable

or

interface GigabitEthernet0/1
 udld port

Note: An alternative implementation when UDLD is not supported by connected device is to deploy a single member Link Aggregation Group (LAG) via IEEE 802.3ad Link Aggregation Control Protocol (LACP).

If the switch has fiber optic interconnections with neighbors and UDLD is not enabled, this is a finding.</check-content></check></Rule></Group><Group id="V-220666"><title>SRG-NET-000512-L2S-000005</title><description>&lt;GroupDescription&gt;&lt;/GroupDescription&gt;</description><Rule id="SV-220666r539671_rule" weight="10.0" severity="medium"><version>CISC-L2-000200</version><title>The Cisco switch must have all trunk links enabled statically.</title><description>&lt;VulnDiscussion&gt;When trunk negotiation is enabled via Dynamic Trunk Protocol (DTP), considerable time can be spent negotiating trunk settings (802.1q or ISL) when a node or interface is restored. While this negotiation is happening, traffic is dropped because the link is up from a layer 2 perspective. Packet loss can be eliminated by setting the interface statically to trunk mode, thereby avoiding dynamic trunk protocol negotiation and significantly reducing any outage when restoring a failed link or switch.&lt;/VulnDiscussion&gt;&lt;FalsePositives&gt;&lt;/FalsePositives&gt;&lt;FalseNegatives&gt;&lt;/FalseNegatives&gt;&lt;Documentable&gt;false&lt;/Documentable&gt;&lt;Mitigations&gt;&lt;/Mitigations&gt;&lt;SeverityOverrideGuidance&gt;&lt;/SeverityOverrideGuidance&gt;&lt;PotentialImpacts&gt;&lt;/PotentialImpacts&gt;&lt;ThirdPartyTools&gt;&lt;/ThirdPartyTools&gt;&lt;MitigationControl&gt;&lt;/MitigationControl&gt;&lt;Responsibility&gt;&lt;/Responsibility&gt;&lt;IAControls&gt;&lt;/IAControls&gt;</description><reference><dc:title>DPMS Target Cisco IOS XE Switch L2S</dc:title><dc:publisher>DISA</dc:publisher><dc:type>DPMS Target</dc:type><dc:subject>Cisco IOS XE Switch L2S</dc:subject><dc:identifier>4071</dc:identifier></reference><ident system="http://cyber.mil/legacy">SV-110307</ident><ident system="http://cyber.mil/legacy">V-101203</ident><ident system="http://cyber.mil/cci">CCI-000366</ident><fixtext fixref="F-22370r507547_fix">Configure the switch to enable trunk links statically as shown in the configuration below:

SW2(config-if)#switchport trunk encapsulation dot1q 
SW2(config-if)#switchport mode trunk
SW2(config-if)#switchport nonegotiate</fixtext><fix id="F-22370r507547_fix" /><check system="C-22381r507546_chk"><check-content-ref href="Cisco_IOS_XE_Switch_L2S_STIG.xml" name="M" /><check-content>By default, Dynamic Trunking Protocol (DTP) is enabled on all Cisco switches. Review the switch configuration to verify that trunk links will not form trunk via negotiation as shown in the example below:

SW2#show interfaces switchport 
Name: Gi0/0
Switchport: Enabled
Administrative Mode: dynamic auto
Operational Mode: static access
Administrative Trunking Encapsulation: negotiate
Operational Trunking Encapsulation: native
Negotiation of Trunking: On

If trunk negotiation is enabled on any interface, this is a finding.</check-content></check></Rule></Group><Group id="V-220667"><title>SRG-NET-000512-L2S-000007</title><description>&lt;GroupDescription&gt;&lt;/GroupDescription&gt;</description><Rule id="SV-220667r991904_rule" weight="10.0" severity="medium"><version>CISC-L2-000210</version><title>The Cisco switch must have all disabled switch ports assigned to an unused VLAN.</title><description>&lt;VulnDiscussion&gt;It is possible that a disabled port that is assigned to a user or management VLAN becomes enabled by accident or by an attacker and as a result gains access to that VLAN as a member.&lt;/VulnDiscussion&gt;&lt;FalsePositives&gt;&lt;/FalsePositives&gt;&lt;FalseNegatives&gt;&lt;/FalseNegatives&gt;&lt;Documentable&gt;false&lt;/Documentable&gt;&lt;Mitigations&gt;&lt;/Mitigations&gt;&lt;SeverityOverrideGuidance&gt;&lt;/SeverityOverrideGuidance&gt;&lt;PotentialImpacts&gt;&lt;/PotentialImpacts&gt;&lt;ThirdPartyTools&gt;&lt;/ThirdPartyTools&gt;&lt;MitigationControl&gt;&lt;/MitigationControl&gt;&lt;Responsibility&gt;&lt;/Responsibility&gt;&lt;IAControls&gt;&lt;/IAControls&gt;</description><reference><dc:title>DPMS Target Cisco IOS XE Switch L2S</dc:title><dc:publisher>DISA</dc:publisher><dc:type>DPMS Target</dc:type><dc:subject>Cisco IOS XE Switch L2S</dc:subject><dc:identifier>4071</dc:identifier></reference><ident system="http://cyber.mil/legacy">SV-110309</ident><ident system="http://cyber.mil/legacy">V-101205</ident><ident system="http://cyber.mil/cci">CCI-004891</ident><fixtext fixref="F-22371r507550_fix">Assign all switch ports not in use to an inactive VLAN.

Step 1: Assign the disabled interfaces to an inactive VLAN.

SW3(config)#int range g0/0 – 9
SW3(config-if-range)# switchport access vlan 999

Step 2: Configure trunk links to not allow traffic from the inactive VLAN.

SW3(config)#int g1/1
SW3(config-if)#switchport trunk allowed vlan except 999</fixtext><fix id="F-22371r507550_fix" /><check system="C-22382r507549_chk"><check-content-ref href="Cisco_IOS_XE_Switch_L2S_STIG.xml" name="M" /><check-content>Step 1: Review the switch configurations and examine all access switch ports. Each access switch port not in use should have membership to an inactive VLAN. 

interface GigabitEthernet0/0
 switchport access vlan 999
 shutdown
!
interface GigabitEthernet0/1
 switchport access vlan 999
 shutdown
…
…
…
interface GigabitEthernet0/9
 switchport access vlan 999
 shutdown

Step 2: Verify that traffic from the inactive VLAN is not allowed on any trunk links as shown in the example below:

interface GigabitEthernet1/1
 switchport trunk allowed vlan 1-998,1000-4094
 switchport trunk encapsulation dot1q
 switchport mode trunk

Note: Switch ports configured for 802.1x are exempt from this requirement.

If there are any access switch ports not in use and not in an inactive VLAN, this is a finding.</check-content></check></Rule></Group><Group id="V-220668"><title>SRG-NET-000512-L2S-000008</title><description>&lt;GroupDescription&gt;&lt;/GroupDescription&gt;</description><Rule id="SV-220668r991905_rule" weight="10.0" severity="medium"><version>CISC-L2-000220</version><title>The Cisco switch must not have the default VLAN assigned to any host-facing switch ports.</title><description>&lt;VulnDiscussion&gt;In a VLAN-based network, switches use the default VLAN (i.e., VLAN 1) for in-band management and to communicate with other networking devices using Spanning-Tree Protocol (STP), Dynamic Trunking Protocol (DTP), VLAN Trunking Protocol (VTP), and Port Aggregation Protocol (PAgP)—all untagged traffic. As a consequence, the default VLAN may unwisely span the entire network if not appropriately pruned. If its scope is large enough, the risk of compromise can increase significantly.&lt;/VulnDiscussion&gt;&lt;FalsePositives&gt;&lt;/FalsePositives&gt;&lt;FalseNegatives&gt;&lt;/FalseNegatives&gt;&lt;Documentable&gt;false&lt;/Documentable&gt;&lt;Mitigations&gt;&lt;/Mitigations&gt;&lt;SeverityOverrideGuidance&gt;&lt;/SeverityOverrideGuidance&gt;&lt;PotentialImpacts&gt;&lt;/PotentialImpacts&gt;&lt;ThirdPartyTools&gt;&lt;/ThirdPartyTools&gt;&lt;MitigationControl&gt;&lt;/MitigationControl&gt;&lt;Responsibility&gt;&lt;/Responsibility&gt;&lt;IAControls&gt;&lt;/IAControls&gt;</description><reference><dc:title>DPMS Target Cisco IOS XE Switch L2S</dc:title><dc:publisher>DISA</dc:publisher><dc:type>DPMS Target</dc:type><dc:subject>Cisco IOS XE Switch L2S</dc:subject><dc:identifier>4071</dc:identifier></reference><ident system="http://cyber.mil/legacy">SV-110311</ident><ident system="http://cyber.mil/legacy">V-101207</ident><ident system="http://cyber.mil/cci">CCI-004891</ident><fixtext fixref="F-22372r507553_fix">Remove the assignment of the default VLAN from all access switch ports.</fixtext><fix id="F-22372r507553_fix" /><check system="C-22383r507552_chk"><check-content-ref href="Cisco_IOS_XE_Switch_L2S_STIG.xml" name="M" /><check-content>Review the switch configurations and verify that no access switch ports have been assigned membership to the default VLAN (i.e., VLAN 1). VLAN assignments can be verified via the show vlan command.

SW1#show vlan

VLAN Name Status Ports
---- -------------------------------- --------- -------------------------------
1 default active 
10 User VLAN active Gi0/3, Gi1/0, Gi1/1, Gi1/2
 Gi1/3, Gi2/1
20 Management VLAN active Gi0/2
999 VLAN0999 active Gi2/0

If there are access switch ports assigned to the default VLAN, this is a finding.</check-content></check></Rule></Group><Group id="V-220669"><title>SRG-NET-000512-L2S-000009</title><description>&lt;GroupDescription&gt;&lt;/GroupDescription&gt;</description><Rule id="SV-220669r991906_rule" weight="10.0" severity="medium"><version>CISC-L2-000230</version><title>The Cisco switch must have the default VLAN pruned from all trunk ports that do not require it.</title><description>&lt;VulnDiscussion&gt;The default VLAN (i.e., VLAN 1) is a special VLAN used for control plane traffic such as Spanning-Tree Protocol (STP), Dynamic Trunking Protocol (DTP), VLAN Trunking Protocol (VTP), and Port Aggregation Protocol (PAgP). VLAN 1 is enabled on all trunks and ports by default. With larger campus networks, care needs to be taken about the diameter of the STP domain for the default VLAN. Instability in one part of the network could affect the default VLAN, thereby influencing control-plane stability and therefore STP stability for all other VLANs.&lt;/VulnDiscussion&gt;&lt;FalsePositives&gt;&lt;/FalsePositives&gt;&lt;FalseNegatives&gt;&lt;/FalseNegatives&gt;&lt;Documentable&gt;false&lt;/Documentable&gt;&lt;Mitigations&gt;&lt;/Mitigations&gt;&lt;SeverityOverrideGuidance&gt;&lt;/SeverityOverrideGuidance&gt;&lt;PotentialImpacts&gt;&lt;/PotentialImpacts&gt;&lt;ThirdPartyTools&gt;&lt;/ThirdPartyTools&gt;&lt;MitigationControl&gt;&lt;/MitigationControl&gt;&lt;Responsibility&gt;&lt;/Responsibility&gt;&lt;IAControls&gt;&lt;/IAControls&gt;</description><reference><dc:title>DPMS Target Cisco IOS XE Switch L2S</dc:title><dc:publisher>DISA</dc:publisher><dc:type>DPMS Target</dc:type><dc:subject>Cisco IOS XE Switch L2S</dc:subject><dc:identifier>4071</dc:identifier></reference><ident system="http://cyber.mil/legacy">SV-110313</ident><ident system="http://cyber.mil/legacy">V-101209</ident><ident system="http://cyber.mil/cci">CCI-004891</ident><fixtext fixref="F-22373r507556_fix">Prune VLAN 1 from any trunk links as necessary.

SW1(config)#int g0/2
SW1(config-if)#switchport trunk allowed vlan except 1

Verify VLAN 1 is not allowed on the trunk link.

SW1#show interfaces trunk

Port Mode Encapsulation Status Native vlan
Gi0/1 on 802.1q trunking 1
Gi0/2 on 802.1q trunking 1

Port Vlans allowed on trunk
Gi0/1 1-998,1000-4094
Gi0/2 2-4094</fixtext><fix id="F-22373r507556_fix" /><check system="C-22384r507555_chk"><check-content-ref href="Cisco_IOS_XE_Switch_L2S_STIG.xml" name="M" /><check-content>Review the switch configuration and verify that the default VLAN is pruned from trunk links that do not require it.

SW1#show interfaces trunk

Port Mode Encapsulation Status Native vlan
Gi0/1 on 802.1q trunking 1
Gi0/2 on 802.1q trunking 1

Port Vlans allowed on trunk
Gi0/1 1-998,1000-4094
Gi0/2 1-4094

If the default VLAN is not pruned from trunk links that should not be transporting frames for the VLAN, this is a finding.</check-content></check></Rule></Group><Group id="V-220670"><title>SRG-NET-000512-L2S-000010</title><description>&lt;GroupDescription&gt;&lt;/GroupDescription&gt;</description><Rule id="SV-220670r991907_rule" weight="10.0" severity="medium"><version>CISC-L2-000240</version><title>The Cisco switch must not use the default VLAN for management traffic.</title><description>&lt;VulnDiscussion&gt;Switches use the default VLAN (i.e., VLAN 1) for in-band management and to communicate with directly connected switches using Spanning-Tree Protocol (STP), Dynamic Trunking Protocol (DTP), VLAN Trunking Protocol (VTP), and Port Aggregation Protocol (PAgP)—all untagged traffic. As a consequence, the default VLAN may unwisely span the entire network if not appropriately pruned. If its scope is large enough, the risk of compromise can increase significantly.&lt;/VulnDiscussion&gt;&lt;FalsePositives&gt;&lt;/FalsePositives&gt;&lt;FalseNegatives&gt;&lt;/FalseNegatives&gt;&lt;Documentable&gt;false&lt;/Documentable&gt;&lt;Mitigations&gt;&lt;/Mitigations&gt;&lt;SeverityOverrideGuidance&gt;&lt;/SeverityOverrideGuidance&gt;&lt;PotentialImpacts&gt;&lt;/PotentialImpacts&gt;&lt;ThirdPartyTools&gt;&lt;/ThirdPartyTools&gt;&lt;MitigationControl&gt;&lt;/MitigationControl&gt;&lt;Responsibility&gt;&lt;/Responsibility&gt;&lt;IAControls&gt;&lt;/IAControls&gt;</description><reference><dc:title>DPMS Target Cisco IOS XE Switch L2S</dc:title><dc:publisher>DISA</dc:publisher><dc:type>DPMS Target</dc:type><dc:subject>Cisco IOS XE Switch L2S</dc:subject><dc:identifier>4071</dc:identifier></reference><ident system="http://cyber.mil/legacy">SV-110315</ident><ident system="http://cyber.mil/legacy">V-101211</ident><ident system="http://cyber.mil/cci">CCI-004931</ident><fixtext fixref="F-22374r507559_fix">Configure the switch for management access to use a VLAN other than the default VLAN.

SW1(config)#int vlan 22
SW1(config-if)#ip add 10.1.22.3 255.255.255.0
SW1(config-if)#no shut</fixtext><fix id="F-22374r507559_fix" /><check system="C-22385r507558_chk"><check-content-ref href="Cisco_IOS_XE_Switch_L2S_STIG.xml" name="M" /><check-content>Review the switch configuration and verify that the default VLAN is not used to access the switch for management.

interface Vlan22
 description Management VLAN
 ip address 10.1.22.3 255.255.255.0

If the default VLAN is being used for management access to the switch, this is a finding.</check-content></check></Rule></Group><Group id="V-220671"><title>SRG-NET-000512-L2S-000011</title><description>&lt;GroupDescription&gt;&lt;/GroupDescription&gt;</description><Rule id="SV-220671r991908_rule" weight="10.0" severity="medium"><version>CISC-L2-000250</version><title>The Cisco switch must have all user-facing or untrusted ports configured as access switch ports.</title><description>&lt;VulnDiscussion&gt;Double encapsulation can be initiated by an attacker who has access to a switch port belonging to the native VLAN of the trunk port. Knowing the victim's MAC address and with the victim attached to a different switch belonging to the same trunk group, thereby requiring the trunk link and frame tagging, the malicious user can begin the attack by sending frames with two sets of tags. The outer tag that will have the attacker's VLAN ID (probably the well-known and omnipresent default VLAN) is stripped off by the switch, and the inner tag that will have the victim's VLAN ID is used by the switch as the next hop and sent out the trunk port.&lt;/VulnDiscussion&gt;&lt;FalsePositives&gt;&lt;/FalsePositives&gt;&lt;FalseNegatives&gt;&lt;/FalseNegatives&gt;&lt;Documentable&gt;false&lt;/Documentable&gt;&lt;Mitigations&gt;&lt;/Mitigations&gt;&lt;SeverityOverrideGuidance&gt;&lt;/SeverityOverrideGuidance&gt;&lt;PotentialImpacts&gt;&lt;/PotentialImpacts&gt;&lt;ThirdPartyTools&gt;&lt;/ThirdPartyTools&gt;&lt;MitigationControl&gt;&lt;/MitigationControl&gt;&lt;Responsibility&gt;&lt;/Responsibility&gt;&lt;IAControls&gt;&lt;/IAControls&gt;</description><reference><dc:title>DPMS Target Cisco IOS XE Switch L2S</dc:title><dc:publisher>DISA</dc:publisher><dc:type>DPMS Target</dc:type><dc:subject>Cisco IOS XE Switch L2S</dc:subject><dc:identifier>4071</dc:identifier></reference><ident system="http://cyber.mil/legacy">SV-110317</ident><ident system="http://cyber.mil/legacy">V-101213</ident><ident system="http://cyber.mil/cci">CCI-004891</ident><fixtext fixref="F-22375r507562_fix">Disable trunking on all user-facing or untrusted switch ports.

SW1(config)#int g0/6
SW1(config-if)#switchport mode access
SW1(config-if)#end</fixtext><fix id="F-22375r507562_fix" /><check system="C-22386r507561_chk"><check-content-ref href="Cisco_IOS_XE_Switch_L2S_STIG.xml" name="M" /><check-content>Review the switch configurations and examine all user-facing or untrusted switchports. The example below depicts both access and trunk ports.

interface GigabitEthernet0/1
 switchport trunk encapsulation dot1q
 switchport mode trunk
 negotiation auto
!
interface GigabitEthernet0/2
switchport access vlan 11
 negotiation auto
!
interface GigabitEthernet0/3
 switchport access vlan 12
 negotiation auto

If any of the user-facing switch ports are configured as a trunk, this is a finding.</check-content></check></Rule></Group><Group id="V-220672"><title>SRG-NET-000512-L2S-000012</title><description>&lt;GroupDescription&gt;&lt;/GroupDescription&gt;</description><Rule id="SV-220672r991909_rule" weight="10.0" severity="medium"><version>CISC-L2-000260</version><title>The Cisco switch must have the native VLAN assigned to an ID other than the default VLAN for all 802.1q trunk links.</title><description>&lt;VulnDiscussion&gt;VLAN hopping can be initiated by an attacker who has access to a switch port belonging to the same VLAN as the native VLAN of the trunk link connecting to another switch that the victim is connected to. If the attacker knows the victim’s MAC address, it can forge a frame with two 802.1q tags and a layer 2 header with the destination address of the victim. Since the frame will ingress the switch from a port belonging to its native VLAN, the trunk port connecting to the victim’s switch will simply remove the outer tag because native VLAN traffic is to be untagged. The switch will forward the frame on to the trunk link unaware of the inner tag with a VLAN ID of which the victim’s switch port is a member.&lt;/VulnDiscussion&gt;&lt;FalsePositives&gt;&lt;/FalsePositives&gt;&lt;FalseNegatives&gt;&lt;/FalseNegatives&gt;&lt;Documentable&gt;false&lt;/Documentable&gt;&lt;Mitigations&gt;&lt;/Mitigations&gt;&lt;SeverityOverrideGuidance&gt;&lt;/SeverityOverrideGuidance&gt;&lt;PotentialImpacts&gt;&lt;/PotentialImpacts&gt;&lt;ThirdPartyTools&gt;&lt;/ThirdPartyTools&gt;&lt;MitigationControl&gt;&lt;/MitigationControl&gt;&lt;Responsibility&gt;&lt;/Responsibility&gt;&lt;IAControls&gt;&lt;/IAControls&gt;</description><reference><dc:title>DPMS Target Cisco IOS XE Switch L2S</dc:title><dc:publisher>DISA</dc:publisher><dc:type>DPMS Target</dc:type><dc:subject>Cisco IOS XE Switch L2S</dc:subject><dc:identifier>4071</dc:identifier></reference><ident system="http://cyber.mil/legacy">SV-110319</ident><ident system="http://cyber.mil/legacy">V-101215</ident><ident system="http://cyber.mil/cci">CCI-004891</ident><fixtext fixref="F-22376r507565_fix">To ensure the integrity of the trunk link and prevent unauthorized access, the ID of the native VLAN of the trunk port must be changed from the default VLAN (i.e., VLAN 1) to its own unique VLAN ID. 

SW1(config)#int g0/1
SW1(config-if)#switchport trunk native vlan 44

Note: The native VLAN ID must be the same on both ends of the trunk link; otherwise, traffic could accidentally leak between broadcast domains.</fixtext><fix id="F-22376r507565_fix" /><check system="C-22387r507564_chk"><check-content-ref href="Cisco_IOS_XE_Switch_L2S_STIG.xml" name="M" /><check-content>Review the switch configurations and examine all trunk links. Verify the native VLAN has been configured to a VLAN ID other than the ID of the default VLAN (i.e. VLAN 1) as shown in the example below:

interface GigabitEthernet0/1
 switchport trunk encapsulation dot1q
 switchport trunk native vlan 44
 switchport mode trunk
 negotiation auto

Note: An alternative to configuring a dedicated native VLAN is to ensure that all native VLAN traffic is tagged. This will mitigate the risk of VLAN hopping since there will always be an outer tag for native traffic as it traverses an 802.1q trunk link.

If the native VLAN has the same VLAN ID as the default VLAN, this is a finding.</check-content></check></Rule></Group><Group id="V-220673"><title>SRG-NET-000512-L2S-000013</title><description>&lt;GroupDescription&gt;&lt;/GroupDescription&gt;</description><Rule id="SV-220673r991910_rule" weight="10.0" severity="low"><version>CISC-L2-000270</version><title>The Cisco switch must not have any switchports assigned to the native VLAN.</title><description>&lt;VulnDiscussion&gt;Double encapsulation can be initiated by an attacker who has access to a switch port belonging to the native VLAN of the trunk port. Knowing the victim’s MAC address and with the victim attached to a different switch belonging to the same trunk group, thereby requiring the trunk link and frame tagging, the malicious user can begin the attack by sending frames with two sets of tags. The outer tag that will have the attacker’s VLAN ID (probably the well-known and omnipresent default VLAN) is stripped off by the switch, and the inner tag that will have the victim’s VLAN ID is used by the switch as the next hop and sent out the trunk port.&lt;/VulnDiscussion&gt;&lt;FalsePositives&gt;&lt;/FalsePositives&gt;&lt;FalseNegatives&gt;&lt;/FalseNegatives&gt;&lt;Documentable&gt;false&lt;/Documentable&gt;&lt;Mitigations&gt;&lt;/Mitigations&gt;&lt;SeverityOverrideGuidance&gt;&lt;/SeverityOverrideGuidance&gt;&lt;PotentialImpacts&gt;&lt;/PotentialImpacts&gt;&lt;ThirdPartyTools&gt;&lt;/ThirdPartyTools&gt;&lt;MitigationControl&gt;&lt;/MitigationControl&gt;&lt;Responsibility&gt;&lt;/Responsibility&gt;&lt;IAControls&gt;&lt;/IAControls&gt;</description><reference><dc:title>DPMS Target Cisco IOS XE Switch L2S</dc:title><dc:publisher>DISA</dc:publisher><dc:type>DPMS Target</dc:type><dc:subject>Cisco IOS XE Switch L2S</dc:subject><dc:identifier>4071</dc:identifier></reference><ident system="http://cyber.mil/legacy">SV-110321</ident><ident system="http://cyber.mil/legacy">V-101217</ident><ident system="http://cyber.mil/cci">CCI-004891</ident><fixtext fixref="F-22377r507568_fix">Configure all access switch ports to a VLAN other than the native VLAN.</fixtext><fix id="F-22377r507568_fix" /><check system="C-22388r507567_chk"><check-content-ref href="Cisco_IOS_XE_Switch_L2S_STIG.xml" name="M" /><check-content>Review the switch configurations and examine all access switch ports. Verify that they do not belong to the native VLAN as shown in the example below:

interface GigabitEthernet0/1
 switchport trunk encapsulation dot1q
 switchport trunk native vlan 44
 switchport mode trunk
 negotiation auto
!
interface GigabitEthernet0/2
 switchport access vlan 11
 negotiation auto
!
interface GigabitEthernet0/3
 switchport access vlan 12
 negotiation auto
!

If any access switch ports have been assigned to the same VLAN ID as the native VLAN, this is a finding.</check-content></check></Rule></Group></Benchmark>