<?xml version="1.0" encoding="utf-8"?><?xml-stylesheet type='text/xsl' href='STIG_unclass.xsl'?><Benchmark xmlns:dc="http://purl.org/dc/elements/1.1/" xmlns:xsi="http://www.w3.org/2001/XMLSchema-instance" xmlns:cpe="http://cpe.mitre.org/language/2.0" xmlns:xhtml="http://www.w3.org/1999/xhtml" xmlns:dsig="http://www.w3.org/2000/09/xmldsig#" xsi:schemaLocation="http://checklists.nist.gov/xccdf/1.1 http://nvd.nist.gov/schema/xccdf-1.1.4.xsd http://cpe.mitre.org/dictionary/2.0 http://cpe.mitre.org/files/cpe-dictionary_2.1.xsd" id="Microsoft_Lync_2013" xml:lang="en" xmlns="http://checklists.nist.gov/xccdf/1.1"><status date="2024-06-14">accepted</status><title>Microsoft Lync 2013 Security Technical Implementation Guide</title><description>This Security Technical Implementation Guide is published as a tool to improve the security of Department of Defense (DOD) information systems. The requirements are derived from the National Institute of Standards and Technology (NIST) 800-53 and related documents. Comments or proposed revisions to this document should be sent via email to the following address: disa.stig_spt@mail.mil.</description><notice id="terms-of-use" xml:lang="en"></notice><front-matter xml:lang="en"></front-matter><rear-matter xml:lang="en"></rear-matter><reference href="https://cyber.mil"><dc:publisher>DISA</dc:publisher><dc:source>STIG.DOD.MIL</dc:source></reference><plain-text id="release-info">Release: 5 Benchmark Date: 24 Jul 2024</plain-text><plain-text id="generator">3.5</plain-text><plain-text id="conventionsVersion">1.10.0</plain-text><version>1</version><Profile id="MAC-1_Classified"><title>I - Mission Critical Classified</title><description>&lt;ProfileDescription&gt;&lt;/ProfileDescription&gt;</description><select idref="V-242503" selected="true" /><select idref="V-242504" selected="true" /><select idref="V-242505" selected="true" /><select idref="V-265903" selected="true" /></Profile><Profile id="MAC-1_Public"><title>I - Mission Critical Public</title><description>&lt;ProfileDescription&gt;&lt;/ProfileDescription&gt;</description><select idref="V-242503" selected="true" /><select idref="V-242504" selected="true" /><select idref="V-242505" selected="true" /><select idref="V-265903" selected="true" /></Profile><Profile id="MAC-1_Sensitive"><title>I - Mission Critical Sensitive</title><description>&lt;ProfileDescription&gt;&lt;/ProfileDescription&gt;</description><select idref="V-242503" selected="true" /><select idref="V-242504" selected="true" /><select idref="V-242505" selected="true" /><select idref="V-265903" selected="true" /></Profile><Profile id="MAC-2_Classified"><title>II - Mission Support Classified</title><description>&lt;ProfileDescription&gt;&lt;/ProfileDescription&gt;</description><select idref="V-242503" selected="true" /><select idref="V-242504" selected="true" /><select idref="V-242505" selected="true" /><select idref="V-265903" selected="true" /></Profile><Profile id="MAC-2_Public"><title>II - Mission Support Public</title><description>&lt;ProfileDescription&gt;&lt;/ProfileDescription&gt;</description><select idref="V-242503" selected="true" /><select idref="V-242504" selected="true" /><select idref="V-242505" selected="true" /><select idref="V-265903" selected="true" /></Profile><Profile id="MAC-2_Sensitive"><title>II - Mission Support Sensitive</title><description>&lt;ProfileDescription&gt;&lt;/ProfileDescription&gt;</description><select idref="V-242503" selected="true" /><select idref="V-242504" selected="true" /><select idref="V-242505" selected="true" /><select idref="V-265903" selected="true" /></Profile><Profile id="MAC-3_Classified"><title>III - Administrative Classified</title><description>&lt;ProfileDescription&gt;&lt;/ProfileDescription&gt;</description><select idref="V-242503" selected="true" /><select idref="V-242504" selected="true" /><select idref="V-242505" selected="true" /><select idref="V-265903" selected="true" /></Profile><Profile id="MAC-3_Public"><title>III - Administrative Public</title><description>&lt;ProfileDescription&gt;&lt;/ProfileDescription&gt;</description><select idref="V-242503" selected="true" /><select idref="V-242504" selected="true" /><select idref="V-242505" selected="true" /><select idref="V-265903" selected="true" /></Profile><Profile id="MAC-3_Sensitive"><title>III - Administrative Sensitive</title><description>&lt;ProfileDescription&gt;&lt;/ProfileDescription&gt;</description><select idref="V-242503" selected="true" /><select idref="V-242504" selected="true" /><select idref="V-242505" selected="true" /><select idref="V-265903" selected="true" /></Profile><Group id="V-242503"><title>SRG-APP-000171</title><description>&lt;GroupDescription&gt;&lt;/GroupDescription&gt;</description><Rule id="SV-242503r961026_rule" weight="10.0" severity="medium"><version>DTOO420</version><title>The ability of Lync to store user passwords must be disabled.</title><description>&lt;VulnDiscussion&gt;Lync 2013 provides a single, unified client for real-time communications, including voice and video calls, Lync Meetings, presence, instant messaging, and persistent chat. These features require the ability to log into the service with a username and password. The Lync client could potentially be configured to store user passwords locally which would allow it to be susceptible to compromise and to be used maliciously.&lt;/VulnDiscussion&gt;&lt;FalsePositives&gt;&lt;/FalsePositives&gt;&lt;FalseNegatives&gt;&lt;/FalseNegatives&gt;&lt;Documentable&gt;false&lt;/Documentable&gt;&lt;Mitigations&gt;&lt;/Mitigations&gt;&lt;SeverityOverrideGuidance&gt;&lt;/SeverityOverrideGuidance&gt;&lt;PotentialImpacts&gt;&lt;/PotentialImpacts&gt;&lt;ThirdPartyTools&gt;&lt;/ThirdPartyTools&gt;&lt;MitigationControl&gt;&lt;/MitigationControl&gt;&lt;Responsibility&gt;&lt;/Responsibility&gt;&lt;IAControls&gt;&lt;/IAControls&gt;</description><reference><dc:title>DPMS Target Microsoft Lync 2013</dc:title><dc:publisher>DISA</dc:publisher><dc:type>DPMS Target</dc:type><dc:subject>Microsoft Lync 2013</dc:subject><dc:identifier>5379</dc:identifier></reference><ident system="http://cyber.mil/legacy">V-40776</ident><ident system="http://cyber.mil/legacy">SV-52834</ident><ident system="http://cyber.mil/cci">CCI-000196</ident><fixtext fixref="F-45735r713213_fix">Set the policy value for Computer Configuration -&gt; Administrative Templates -&gt; Microsoft Lync 2013 -&gt; Microsoft Lync Feature Policies "Allow storage of user passwords" to "Disabled".</fixtext><fix id="F-45735r713213_fix" /><check system="C-45778r713212_chk"><check-content-ref href="Microsoft_Lync_2013_STIG.xml" name="M" /><check-content>Verify the policy value for Computer Configuration -&gt; Administrative Templates -&gt; Microsoft Lync 2013 -&gt; Microsoft Lync Feature Policies "Allow storage of user passwords" is set to "Disabled".

Procedure: Use the Windows Registry Editor to navigate to the following key: 

HKLM\Software\Policies\Microsoft\office\15.0\lync

Criteria: If the value savepassword is REG_DWORD = 0, this is not a finding.</check-content></check></Rule></Group><Group id="V-242504"><title>SRG-APP-000219</title><description>&lt;GroupDescription&gt;&lt;/GroupDescription&gt;</description><Rule id="SV-242504r961110_rule" weight="10.0" severity="medium"><version>DTOO421</version><title>Session Initiation Protocol (SIP) security mode must be configured.</title><description>&lt;VulnDiscussion&gt;Lync 2013 provides a single, unified client for real-time communications, including voice and video calls, Lync Meetings, presence, instant messaging, and persistent chat, using the Session Initiation Protocol (SIP). SIP is widely used for controlling multimedia communication sessions, such as voice and video calls over Internet Protocol (IP) networks. By using TLS it would render a sniff/man in the middle attack very difficult to impossible to achieve within the time period in which a given conversation could be attacked. TLS authenticates all parties and encrypts all traffic. This does not prevent listening over the wire, but the attacker cannot read the traffic unless the encryption is broken.&lt;/VulnDiscussion&gt;&lt;FalsePositives&gt;&lt;/FalsePositives&gt;&lt;FalseNegatives&gt;&lt;/FalseNegatives&gt;&lt;Documentable&gt;false&lt;/Documentable&gt;&lt;Mitigations&gt;&lt;/Mitigations&gt;&lt;SeverityOverrideGuidance&gt;&lt;/SeverityOverrideGuidance&gt;&lt;PotentialImpacts&gt;&lt;/PotentialImpacts&gt;&lt;ThirdPartyTools&gt;&lt;/ThirdPartyTools&gt;&lt;MitigationControl&gt;&lt;/MitigationControl&gt;&lt;Responsibility&gt;&lt;/Responsibility&gt;&lt;IAControls&gt;&lt;/IAControls&gt;</description><reference><dc:title>DPMS Target Microsoft Lync 2013</dc:title><dc:publisher>DISA</dc:publisher><dc:type>DPMS Target</dc:type><dc:subject>Microsoft Lync 2013</dc:subject><dc:identifier>5379</dc:identifier></reference><ident system="http://cyber.mil/legacy">V-40777</ident><ident system="http://cyber.mil/legacy">SV-52835</ident><ident system="http://cyber.mil/cci">CCI-001184</ident><fixtext fixref="F-45736r713216_fix">Set the policy value for Computer Configuration -&gt; Administrative Templates -&gt; Microsoft Lync 2013 -&gt; Microsoft Lync Feature Policies "Configure SIP security mode" to "Enabled".</fixtext><fix id="F-45736r713216_fix" /><check system="C-45779r713215_chk"><check-content-ref href="Microsoft_Lync_2013_STIG.xml" name="M" /><check-content>Verify the policy value for Computer Configuration -&gt; Administrative Templates -&gt; Microsoft Lync 2013 -&gt; Microsoft Lync Feature Policies "Configure SIP security mode" is set to "Enabled".

Procedure: Use the Windows Registry Editor to navigate to the following key: 

HKLM\Software\Policies\Microsoft\office\15.0\lync

Criteria: If the value enablesiphighsecuritymode is REG_DWORD = 1, this is not a finding.</check-content></check></Rule></Group><Group id="V-242505"><title>SRG-APP-000219</title><description>&lt;GroupDescription&gt;&lt;/GroupDescription&gt;</description><Rule id="SV-242505r961110_rule" weight="10.0" severity="medium"><version>DTOO422</version><title>In the event a secure Session Initiation Protocol (SIP) connection fails, the connection must be restricted from resorting to the unencrypted HTTP.</title><description>&lt;VulnDiscussion&gt;Lync 2013 provides a single, unified client for real-time communications, including voice and video calls, Lync Meetings, presence, instant messaging, and persistent chat. The Lync client has a fall back option so that, in the event the Lync client cannot make a secure SIP connection to the Lync server, it will fall back to an unencrypted HTTP connection. In that event, all traffic will be unencrypted and in clear text. The configuration must be set to prevent HTTP being used for SIP connections in the event TLS or TCP fail.&lt;/VulnDiscussion&gt;&lt;FalsePositives&gt;&lt;/FalsePositives&gt;&lt;FalseNegatives&gt;&lt;/FalseNegatives&gt;&lt;Documentable&gt;false&lt;/Documentable&gt;&lt;Mitigations&gt;&lt;/Mitigations&gt;&lt;SeverityOverrideGuidance&gt;&lt;/SeverityOverrideGuidance&gt;&lt;PotentialImpacts&gt;&lt;/PotentialImpacts&gt;&lt;ThirdPartyTools&gt;&lt;/ThirdPartyTools&gt;&lt;MitigationControl&gt;&lt;/MitigationControl&gt;&lt;Responsibility&gt;&lt;/Responsibility&gt;&lt;IAControls&gt;&lt;/IAControls&gt;</description><reference><dc:title>DPMS Target Microsoft Lync 2013</dc:title><dc:publisher>DISA</dc:publisher><dc:type>DPMS Target</dc:type><dc:subject>Microsoft Lync 2013</dc:subject><dc:identifier>5379</dc:identifier></reference><ident system="http://cyber.mil/legacy">V-40778</ident><ident system="http://cyber.mil/legacy">SV-52836</ident><ident system="http://cyber.mil/cci">CCI-001184</ident><fixtext fixref="F-45737r713219_fix">Set the policy value for Computer Configuration -&gt; Administrative Templates -&gt; Microsoft Lync 2013 -&gt; Microsoft Lync Feature Policies "Disable HTTP fallback for SIP connection" to "Enabled".</fixtext><fix id="F-45737r713219_fix" /><check system="C-45780r713218_chk"><check-content-ref href="Microsoft_Lync_2013_STIG.xml" name="M" /><check-content>Verify the policy value for Computer Configuration -&gt; Administrative Templates -&gt; Microsoft Lync 2013 -&gt; Microsoft Lync Feature Policies "Disable HTTP fallback for SIP connection" is set to "Enabled".

Procedure: Use the Windows Registry Editor to navigate to the following key: 

HKLM\Software\Policies\Microsoft\office\15.0\lync

Criteria: If the value disablehttpconnect is REG_DWORD = 1, this is not a finding.</check-content></check></Rule></Group><Group id="V-265903"><title>SRG-APP-000456</title><description>&lt;GroupDescription&gt;&lt;/GroupDescription&gt;</description><Rule id="SV-265903r999913_rule" weight="10.0" severity="high"><version>DTOO999-Lync13</version><title>The version of Lync running on the system must be a supported version.</title><description>&lt;VulnDiscussion&gt;Security flaws with software applications are discovered daily. Vendors are constantly updating and patching their products to address newly discovered security vulnerabilities. Organizations (including any contractor to the organization) are required to promptly install security-relevant software updates (e.g., patches, service packs, and hot fixes). Flaws discovered during security assessments, continuous monitoring, incident response activities, or information system error handling must also be addressed expeditiously.

Organization-defined time periods for updating security-relevant software may vary based on a variety of factors including, for example, the security category of the information system or the criticality of the update (i.e., severity of the vulnerability related to the discovered flaw).

This requirement will apply to software patch management solutions that are used to install patches across the enclave and also to applications themselves that are not part of that patch management solution. For example, many browsers today provide the capability to install their own patch software. Patch criticality, as well as system criticality will vary. Therefore, the tactical situations regarding the patch management process will also vary. This means that the time period used must be a configurable parameter. Time frames for application of security-relevant software updates may be dependent upon the Information Assurance Vulnerability Management (IAVM) process.

The application will be configured to check for and install security-relevant software updates within an identified time period from the availability of the update. The specific time period will be defined by an authoritative source (e.g., IAVM, CTOs, DTMs, and STIGs).&lt;/VulnDiscussion&gt;&lt;FalsePositives&gt;&lt;/FalsePositives&gt;&lt;FalseNegatives&gt;&lt;/FalseNegatives&gt;&lt;Documentable&gt;false&lt;/Documentable&gt;&lt;Mitigations&gt;&lt;/Mitigations&gt;&lt;SeverityOverrideGuidance&gt;&lt;/SeverityOverrideGuidance&gt;&lt;PotentialImpacts&gt;&lt;/PotentialImpacts&gt;&lt;ThirdPartyTools&gt;&lt;/ThirdPartyTools&gt;&lt;MitigationControl&gt;&lt;/MitigationControl&gt;&lt;Responsibility&gt;&lt;/Responsibility&gt;&lt;IAControls&gt;&lt;/IAControls&gt;</description><reference><dc:title>DPMS Target Microsoft Lync 2013</dc:title><dc:publisher>DISA</dc:publisher><dc:type>DPMS Target</dc:type><dc:subject>Microsoft Lync 2013</dc:subject><dc:identifier>5379</dc:identifier></reference><ident system="http://cyber.mil/cci">CCI-002605</ident><fixtext fixref="F-69726r999912_fix">Upgrade to a supported version.</fixtext><fix id="F-69726r999912_fix" /><check system="C-69822r999911_chk"><check-content-ref href="Microsoft_Lync_2013_STIG.xml" name="M" /><check-content>Lync 2013 is no longer supported by the vendor. If the system is running Lync 2013, this is a finding.</check-content></check></Rule></Group></Benchmark>