<?xml version="1.0" encoding="utf-8"?><?xml-stylesheet type='text/xsl' href='STIG_unclass.xsl'?><Benchmark xmlns:dc="http://purl.org/dc/elements/1.1/" xmlns:xsi="http://www.w3.org/2001/XMLSchema-instance" xmlns:cpe="http://cpe.mitre.org/language/2.0" xmlns:xhtml="http://www.w3.org/1999/xhtml" xmlns:dsig="http://www.w3.org/2000/09/xmldsig#" xsi:schemaLocation="http://checklists.nist.gov/xccdf/1.1 http://nvd.nist.gov/schema/xccdf-1.1.4.xsd http://cpe.mitre.org/dictionary/2.0 http://cpe.mitre.org/files/cpe-dictionary_2.1.xsd" id="Microsoft_OneDrive" xml:lang="en" xmlns="http://checklists.nist.gov/xccdf/1.1"><status date="2025-06-09">deprecated</status><title>Microsoft OneDrive Security Technical Implementation Guide</title><description>This Security Technical Implementation Guide is published as a tool to improve the security of Department of Defense (DOD) information systems. The requirements are derived from the National Institute of Standards and Technology (NIST) 800-53 and related documents. Comments or proposed revisions to this document should be sent via email to the following address: disa.stig_spt@mail.mil.</description><notice id="terms-of-use" xml:lang="en"></notice><front-matter xml:lang="en"></front-matter><rear-matter xml:lang="en"></rear-matter><reference href="https://cyber.mil"><dc:publisher>DISA</dc:publisher><dc:source>STIG.DOD.MIL</dc:source></reference><plain-text id="release-info">Release: 4 Benchmark Date: 02 Jul 2025</plain-text><plain-text id="generator">3.5</plain-text><plain-text id="conventionsVersion">1.10.0</plain-text><version>2</version><Profile id="MAC-1_Classified"><title>I - Mission Critical Classified</title><description>&lt;ProfileDescription&gt;&lt;/ProfileDescription&gt;</description><select idref="V-215529" selected="true" /><select idref="V-215531" selected="true" /><select idref="V-215532" selected="true" /><select idref="V-215533" selected="true" /><select idref="V-215534" selected="true" /><select idref="V-215535" selected="true" /><select idref="V-215536" selected="true" /><select idref="V-215537" selected="true" /><select idref="V-215538" selected="true" /><select idref="V-230562" selected="true" /><select idref="V-230564" selected="true" /><select idref="V-275978" selected="true" /></Profile><Profile id="MAC-1_Public"><title>I - Mission Critical Public</title><description>&lt;ProfileDescription&gt;&lt;/ProfileDescription&gt;</description><select idref="V-215529" selected="true" /><select idref="V-215531" selected="true" /><select idref="V-215532" selected="true" /><select idref="V-215533" selected="true" /><select idref="V-215534" selected="true" /><select idref="V-215535" selected="true" /><select idref="V-215536" selected="true" /><select idref="V-215537" selected="true" /><select idref="V-215538" selected="true" /><select idref="V-230562" selected="true" /><select idref="V-230564" selected="true" /><select idref="V-275978" selected="true" /></Profile><Profile id="MAC-1_Sensitive"><title>I - Mission Critical Sensitive</title><description>&lt;ProfileDescription&gt;&lt;/ProfileDescription&gt;</description><select idref="V-215529" selected="true" /><select idref="V-215531" selected="true" /><select idref="V-215532" selected="true" /><select idref="V-215533" selected="true" /><select idref="V-215534" selected="true" /><select idref="V-215535" selected="true" /><select idref="V-215536" selected="true" /><select idref="V-215537" selected="true" /><select idref="V-215538" selected="true" /><select idref="V-230562" selected="true" /><select idref="V-230564" selected="true" /><select idref="V-275978" selected="true" /></Profile><Profile id="MAC-2_Classified"><title>II - Mission Support Classified</title><description>&lt;ProfileDescription&gt;&lt;/ProfileDescription&gt;</description><select idref="V-215529" selected="true" /><select idref="V-215531" selected="true" /><select idref="V-215532" selected="true" /><select idref="V-215533" selected="true" /><select idref="V-215534" selected="true" /><select idref="V-215535" selected="true" /><select idref="V-215536" selected="true" /><select idref="V-215537" selected="true" /><select idref="V-215538" selected="true" /><select idref="V-230562" selected="true" /><select idref="V-230564" selected="true" /><select idref="V-275978" selected="true" /></Profile><Profile id="MAC-2_Public"><title>II - Mission Support Public</title><description>&lt;ProfileDescription&gt;&lt;/ProfileDescription&gt;</description><select idref="V-215529" selected="true" /><select idref="V-215531" selected="true" /><select idref="V-215532" selected="true" /><select idref="V-215533" selected="true" /><select idref="V-215534" selected="true" /><select idref="V-215535" selected="true" /><select idref="V-215536" selected="true" /><select idref="V-215537" selected="true" /><select idref="V-215538" selected="true" /><select idref="V-230562" selected="true" /><select idref="V-230564" selected="true" /><select idref="V-275978" selected="true" /></Profile><Profile id="MAC-2_Sensitive"><title>II - Mission Support Sensitive</title><description>&lt;ProfileDescription&gt;&lt;/ProfileDescription&gt;</description><select idref="V-215529" selected="true" /><select idref="V-215531" selected="true" /><select idref="V-215532" selected="true" /><select idref="V-215533" selected="true" /><select idref="V-215534" selected="true" /><select idref="V-215535" selected="true" /><select idref="V-215536" selected="true" /><select idref="V-215537" selected="true" /><select idref="V-215538" selected="true" /><select idref="V-230562" selected="true" /><select idref="V-230564" selected="true" /><select idref="V-275978" selected="true" /></Profile><Profile id="MAC-3_Classified"><title>III - Administrative Classified</title><description>&lt;ProfileDescription&gt;&lt;/ProfileDescription&gt;</description><select idref="V-215529" selected="true" /><select idref="V-215531" selected="true" /><select idref="V-215532" selected="true" /><select idref="V-215533" selected="true" /><select idref="V-215534" selected="true" /><select idref="V-215535" selected="true" /><select idref="V-215536" selected="true" /><select idref="V-215537" selected="true" /><select idref="V-215538" selected="true" /><select idref="V-230562" selected="true" /><select idref="V-230564" selected="true" /><select idref="V-275978" selected="true" /></Profile><Profile id="MAC-3_Public"><title>III - Administrative Public</title><description>&lt;ProfileDescription&gt;&lt;/ProfileDescription&gt;</description><select idref="V-215529" selected="true" /><select idref="V-215531" selected="true" /><select idref="V-215532" selected="true" /><select idref="V-215533" selected="true" /><select idref="V-215534" selected="true" /><select idref="V-215535" selected="true" /><select idref="V-215536" selected="true" /><select idref="V-215537" selected="true" /><select idref="V-215538" selected="true" /><select idref="V-230562" selected="true" /><select idref="V-230564" selected="true" /><select idref="V-275978" selected="true" /></Profile><Profile id="MAC-3_Sensitive"><title>III - Administrative Sensitive</title><description>&lt;ProfileDescription&gt;&lt;/ProfileDescription&gt;</description><select idref="V-215529" selected="true" /><select idref="V-215531" selected="true" /><select idref="V-215532" selected="true" /><select idref="V-215533" selected="true" /><select idref="V-215534" selected="true" /><select idref="V-215535" selected="true" /><select idref="V-215536" selected="true" /><select idref="V-215537" selected="true" /><select idref="V-215538" selected="true" /><select idref="V-230562" selected="true" /><select idref="V-230564" selected="true" /><select idref="V-275978" selected="true" /></Profile><Group id="V-215529"><title>SRG-APP-000210</title><description>&lt;GroupDescription&gt;&lt;/GroupDescription&gt;</description><Rule id="SV-215529r961092_rule" weight="10.0" severity="medium"><version>DTOO104</version><title>Disabling of user name and password syntax from being used in URLs must be enforced.
</title><description>&lt;VulnDiscussion&gt;The Uniform Resource Locator (URL) standard allows user authentication to be included in URL strings in the form http://username:password@example.com. A malicious user might use this URL syntax to create a hyperlink that appears to open a legitimate website but actually opens a deceptive (spoofed) website. For example, the URL http://www.wingtiptoys.com@example.com appears to open http://www.wingtiptoys.com but actually opens http://example.com. To protect users from such attacks, Internet Explorer usually blocks any URLs using this syntax.

This functionality can be controlled separately for instances of Internet Explorer spawned by Office applications (for example, if a user clicks a link in an Office document or selects a menu option that loads a website). If user names and passwords in URLs are allowed, users could be diverted to dangerous Web pages, which could pose a security risk.&lt;/VulnDiscussion&gt;&lt;FalsePositives&gt;&lt;/FalsePositives&gt;&lt;FalseNegatives&gt;&lt;/FalseNegatives&gt;&lt;Documentable&gt;false&lt;/Documentable&gt;&lt;Mitigations&gt;&lt;/Mitigations&gt;&lt;SeverityOverrideGuidance&gt;&lt;/SeverityOverrideGuidance&gt;&lt;PotentialImpacts&gt;&lt;/PotentialImpacts&gt;&lt;ThirdPartyTools&gt;&lt;/ThirdPartyTools&gt;&lt;MitigationControl&gt;&lt;/MitigationControl&gt;&lt;Responsibility&gt;&lt;/Responsibility&gt;&lt;IAControls&gt;&lt;/IAControls&gt;</description><reference><dc:title>DPMS Target Microsoft OneDrive</dc:title><dc:publisher>DISA</dc:publisher><dc:type>DPMS Target</dc:type><dc:subject>Microsoft OneDrive</dc:subject><dc:identifier>4015</dc:identifier></reference><ident system="http://cyber.mil/legacy">SV-85921</ident><ident system="http://cyber.mil/legacy">V-71297</ident><ident system="http://cyber.mil/cci">CCI-001170</ident><fixtext fixref="F-16722r312206_fix">Set the policy value for Computer Configuration -&gt; Administrative Templates -&gt; Microsoft Office 2016 (Machine) -&gt; Security Settings -&gt; IE Security "Disable user name and password" to "Enabled" and place a check in the 'groove.exe' check box.
</fixtext><fix id="F-16722r312206_fix" /><check system="C-16724r312205_chk"><check-content-ref href="Microsoft_OneDrive_STIG.xml" name="M" /><check-content>Verify the policy value for Computer Configuration -&gt; Administrative Templates -&gt; Microsoft Office 2016 (Machine) -&gt; Security Settings -&gt; IE Security "Disable user name and password" is set to "Enabled" and 'groove.exe' is checked.

Procedure: Use the Windows Registry Editor to navigate to the following key:
HKLM\Software\Microsoft\Internet Explorer\Main\FeatureControl\FEATURE_HTTP_USERNAME_PASSWORD_DISABLE

Criteria: If the value groove.exe is REG_DWORD = 1, this is not a finding.
</check-content></check></Rule></Group><Group id="V-215531"><title>SRG-APP-000210</title><description>&lt;GroupDescription&gt;&lt;/GroupDescription&gt;</description><Rule id="SV-215531r961092_rule" weight="10.0" severity="medium"><version>DTOO117</version><title>Saved from URL mark to assure Internet zone processing must be enforced.
</title><description>&lt;VulnDiscussion&gt;Typically, when Internet Explorer loads a web page from a Universal Naming Convention (UNC) share that contains a Mark of the Web (MOTW) comment, indicating the page was saved from a site on the Internet, Internet Explorer runs the page in the Internet security zone instead of the less restrictive Local Intranet security zone. This functionality can be controlled separately for instances of Internet Explorer spawned by Office applications (for example, if a user clicks a link in an Office document or selects a menu option that loads a web page). If Internet Explorer does not evaluate the page for a MOTW, potentially dangerous code could be allowed to run.&lt;/VulnDiscussion&gt;&lt;FalsePositives&gt;&lt;/FalsePositives&gt;&lt;FalseNegatives&gt;&lt;/FalseNegatives&gt;&lt;Documentable&gt;false&lt;/Documentable&gt;&lt;Mitigations&gt;&lt;/Mitigations&gt;&lt;SeverityOverrideGuidance&gt;&lt;/SeverityOverrideGuidance&gt;&lt;PotentialImpacts&gt;&lt;/PotentialImpacts&gt;&lt;ThirdPartyTools&gt;&lt;/ThirdPartyTools&gt;&lt;MitigationControl&gt;&lt;/MitigationControl&gt;&lt;Responsibility&gt;&lt;/Responsibility&gt;&lt;IAControls&gt;&lt;/IAControls&gt;</description><reference><dc:title>DPMS Target Microsoft OneDrive</dc:title><dc:publisher>DISA</dc:publisher><dc:type>DPMS Target</dc:type><dc:subject>Microsoft OneDrive</dc:subject><dc:identifier>4015</dc:identifier></reference><ident system="http://cyber.mil/legacy">SV-85927</ident><ident system="http://cyber.mil/legacy">V-71303</ident><ident system="http://cyber.mil/cci">CCI-001170</ident><fixtext fixref="F-16724r312212_fix">Set the policy value for Computer Configuration -&gt; Administrative Templates -&gt; Microsoft Office 2016 (Machine) -&gt; Security Settings -&gt; IE Security "Saved from URL" to "Enabled" and place a check in the 'groove.exe' check box.
</fixtext><fix id="F-16724r312212_fix" /><check system="C-16726r312211_chk"><check-content-ref href="Microsoft_OneDrive_STIG.xml" name="M" /><check-content>Verify the policy value for Computer Configuration -&gt; Administrative Templates -&gt; Microsoft Office 2016 (Machine) -&gt; Security Settings -&gt; IE Security "Saved from URL" is set to "Enabled" and 'groove.exe' is checked.

Procedure: Use the Windows Registry Editor to navigate to the following key: 

HKLM\Software\Microsoft\Internet Explorer\Main\FeatureControl\FEATURE_UNC_SAVEDFILECHECK

Criteria: If the value groove.exe is REG_DWORD = 1, this is not a finding.</check-content></check></Rule></Group><Group id="V-215532"><title>SRG-APP-000210</title><description>&lt;GroupDescription&gt;&lt;/GroupDescription&gt;</description><Rule id="SV-215532r961092_rule" weight="10.0" severity="medium"><version>DTOO123</version><title>Navigation to URLs embedded in Office products must be blocked.
</title><description>&lt;VulnDiscussion&gt;To protect users from attacks, Internet Explorer usually does not attempt to load malformed URLs. This functionality can be controlled separately for instances of Internet Explorer spawned by Office applications (for example, if a user clicks a link in an Office document or selects a menu option that loads a web page). If Internet Explorer attempts to load a malformed URL, a security risk could occur.&lt;/VulnDiscussion&gt;&lt;FalsePositives&gt;&lt;/FalsePositives&gt;&lt;FalseNegatives&gt;&lt;/FalseNegatives&gt;&lt;Documentable&gt;false&lt;/Documentable&gt;&lt;Mitigations&gt;&lt;/Mitigations&gt;&lt;SeverityOverrideGuidance&gt;&lt;/SeverityOverrideGuidance&gt;&lt;PotentialImpacts&gt;&lt;/PotentialImpacts&gt;&lt;ThirdPartyTools&gt;&lt;/ThirdPartyTools&gt;&lt;MitigationControl&gt;&lt;/MitigationControl&gt;&lt;Responsibility&gt;&lt;/Responsibility&gt;&lt;IAControls&gt;&lt;/IAControls&gt;</description><reference><dc:title>DPMS Target Microsoft OneDrive</dc:title><dc:publisher>DISA</dc:publisher><dc:type>DPMS Target</dc:type><dc:subject>Microsoft OneDrive</dc:subject><dc:identifier>4015</dc:identifier></reference><ident system="http://cyber.mil/legacy">SV-85929</ident><ident system="http://cyber.mil/legacy">V-71305</ident><ident system="http://cyber.mil/cci">CCI-001170</ident><fixtext fixref="F-16725r312215_fix">Set the policy value for Computer Configuration -&gt; Administrative Templates -&gt; Microsoft Office 2016 (Machine) -&gt; Security Settings -&gt; IE Security "Navigate URL" to "Enabled" and place a check in the 'groove.exe' check box.
</fixtext><fix id="F-16725r312215_fix" /><check system="C-16727r312214_chk"><check-content-ref href="Microsoft_OneDrive_STIG.xml" name="M" /><check-content>Verify the policy value for Computer Configuration -&gt; Administrative Templates -&gt; Microsoft Office 2016 (Machine) -&gt; Security Settings -&gt; IE Security "Navigate URL" is set to "Enabled" and 'groove.exe' is checked.

Procedure: Use the Windows Registry Editor to navigate to the following key: 

HKLM\Software\Microsoft\Internet Explorer\Main\FeatureControl\FEATURE_VALIDATE_NAVIGATE_URL

Criteria: If the value groove.exe is REG_DWORD = 1, this is not a finding.</check-content></check></Rule></Group><Group id="V-215533"><title>SRG-APP-000112</title><description>&lt;GroupDescription&gt;&lt;/GroupDescription&gt;</description><Rule id="SV-215533r960921_rule" weight="10.0" severity="medium"><version>DTOO124</version><title>Scripted Window Security must be enforced.
</title><description>&lt;VulnDiscussion&gt;Malicious websites often try to confuse or trick users into giving a site permission to perform an action allowing the site to take control of the users' computers in some manner. Disabling or not configuring this setting allows unknown websites to:
-Create browser windows appearing to be from the local operating system.
-Draw active windows displaying outside of the viewable areas of the screen capturing keyboard input.
-Overlay parent windows with their own browser windows to hide important system information, choices or prompts.&lt;/VulnDiscussion&gt;&lt;FalsePositives&gt;&lt;/FalsePositives&gt;&lt;FalseNegatives&gt;&lt;/FalseNegatives&gt;&lt;Documentable&gt;false&lt;/Documentable&gt;&lt;Mitigations&gt;&lt;/Mitigations&gt;&lt;SeverityOverrideGuidance&gt;&lt;/SeverityOverrideGuidance&gt;&lt;PotentialImpacts&gt;&lt;/PotentialImpacts&gt;&lt;ThirdPartyTools&gt;&lt;/ThirdPartyTools&gt;&lt;MitigationControl&gt;&lt;/MitigationControl&gt;&lt;Responsibility&gt;&lt;/Responsibility&gt;&lt;IAControls&gt;&lt;/IAControls&gt;</description><reference><dc:title>DPMS Target Microsoft OneDrive</dc:title><dc:publisher>DISA</dc:publisher><dc:type>DPMS Target</dc:type><dc:subject>Microsoft OneDrive</dc:subject><dc:identifier>4015</dc:identifier></reference><ident system="http://cyber.mil/legacy">SV-85933</ident><ident system="http://cyber.mil/legacy">V-71309</ident><ident system="http://cyber.mil/cci">CCI-001695</ident><fixtext fixref="F-16726r312218_fix">Set the policy value for Computer Configuration -&gt; Administrative Templates -&gt; Microsoft Office 2016 (Machine) -&gt; Security Settings -&gt; IE Security "Scripted Window Security Restrictions" to "Enabled" and place a check in the 'groove.exe' check box.
</fixtext><fix id="F-16726r312218_fix" /><check system="C-16728r312217_chk"><check-content-ref href="Microsoft_OneDrive_STIG.xml" name="M" /><check-content>Verify the policy value for Computer Configuration -&gt; Administrative Templates -&gt; Microsoft Office 2016 (Machine) -&gt; Security Settings -&gt; IE Security "Scripted Window Security Restrictions" is set to "Enabled" and 'groove.exe' is checked.

Procedure: Use the Windows Registry Editor to navigate to the following key: 

HKLM\Software\Microsoft\Internet Explorer\Main\FeatureControl\FEATURE_WINDOW_RESTRICTIONS

Criteria: If the value groove.exe is REG_DWORD = 1, this is not a finding.</check-content></check></Rule></Group><Group id="V-215534"><title>SRG-APP-000207</title><description>&lt;GroupDescription&gt;&lt;/GroupDescription&gt;</description><Rule id="SV-215534r961086_rule" weight="10.0" severity="medium"><version>DTOO126</version><title>Add-on Management functionality must be allowed.
</title><description>&lt;VulnDiscussion&gt;Internet Explorer add-ons are pieces of code, run in Internet Explorer, to provide additional functionality. Rogue add-ons may contain viruses or other malicious code. Disabling or not configuring this setting could allow malicious code or users to become active on user computers or the network. For example, a malicious user can monitor and then use keystrokes users type into Internet Explorer. Even legitimate add-ons may demand resources, compromising the performance of Internet Explorer, and the operating systems for user computers.&lt;/VulnDiscussion&gt;&lt;FalsePositives&gt;&lt;/FalsePositives&gt;&lt;FalseNegatives&gt;&lt;/FalseNegatives&gt;&lt;Documentable&gt;false&lt;/Documentable&gt;&lt;Mitigations&gt;&lt;/Mitigations&gt;&lt;SeverityOverrideGuidance&gt;&lt;/SeverityOverrideGuidance&gt;&lt;PotentialImpacts&gt;&lt;/PotentialImpacts&gt;&lt;ThirdPartyTools&gt;&lt;/ThirdPartyTools&gt;&lt;MitigationControl&gt;&lt;/MitigationControl&gt;&lt;Responsibility&gt;&lt;/Responsibility&gt;&lt;IAControls&gt;&lt;/IAControls&gt;</description><reference><dc:title>DPMS Target Microsoft OneDrive</dc:title><dc:publisher>DISA</dc:publisher><dc:type>DPMS Target</dc:type><dc:subject>Microsoft OneDrive</dc:subject><dc:identifier>4015</dc:identifier></reference><ident system="http://cyber.mil/legacy">SV-85935</ident><ident system="http://cyber.mil/legacy">V-71311</ident><ident system="http://cyber.mil/cci">CCI-001662</ident><fixtext fixref="F-16727r312221_fix">Set the policy value for Computer Configuration -&gt; Administrative Templates -&gt; Microsoft Office 2016 (Machine) -&gt; Security Settings -&gt; IE Security "Add-on Management" to "Enabled" and place a check in the 'groove.exe' check box.
</fixtext><fix id="F-16727r312221_fix" /><check system="C-16729r312220_chk"><check-content-ref href="Microsoft_OneDrive_STIG.xml" name="M" /><check-content>Verify the policy value for Computer Configuration -&gt; Administrative Templates -&gt; Microsoft Office 2016 (Machine) -&gt; Security Settings -&gt; IE Security "Add-on Management" is set to "Enabled" and 'groove.exe' is checked.

Procedure: Use the Windows Registry Editor to navigate to the following key: 

HKLM\Software\Microsoft\Internet Explorer\Main\FeatureControl\FEATURE_ADDON_MANAGEMENT

Criteria: If the value groove.exe is REG_DWORD = 1, this is not a finding.</check-content></check></Rule></Group><Group id="V-215535"><title>SRG-APP-000207</title><description>&lt;GroupDescription&gt;&lt;/GroupDescription&gt;</description><Rule id="SV-215535r961086_rule" weight="10.0" severity="medium"><version>DTOO129</version><title>Links that invoke instances of Internet Explorer from within an Office product must be blocked.
</title><description>&lt;VulnDiscussion&gt;The Pop-up Blocker feature in Internet Explorer can be used to block most unwanted pop-up and pop-under windows from appearing. This functionality can be controlled separately for instances of Internet Explorer spawned by Office applications (for example, if a user clicks a link in an Office document or selects a menu option that loads a web page). If the Pop-up Blocker is disabled, disruptive and potentially dangerous pop-up windows could load and present a security risk.&lt;/VulnDiscussion&gt;&lt;FalsePositives&gt;&lt;/FalsePositives&gt;&lt;FalseNegatives&gt;&lt;/FalseNegatives&gt;&lt;Documentable&gt;false&lt;/Documentable&gt;&lt;Mitigations&gt;&lt;/Mitigations&gt;&lt;SeverityOverrideGuidance&gt;&lt;/SeverityOverrideGuidance&gt;&lt;PotentialImpacts&gt;&lt;/PotentialImpacts&gt;&lt;ThirdPartyTools&gt;&lt;/ThirdPartyTools&gt;&lt;MitigationControl&gt;&lt;/MitigationControl&gt;&lt;Responsibility&gt;&lt;/Responsibility&gt;&lt;IAControls&gt;&lt;/IAControls&gt;</description><reference><dc:title>DPMS Target Microsoft OneDrive</dc:title><dc:publisher>DISA</dc:publisher><dc:type>DPMS Target</dc:type><dc:subject>Microsoft OneDrive</dc:subject><dc:identifier>4015</dc:identifier></reference><ident system="http://cyber.mil/legacy">SV-85937</ident><ident system="http://cyber.mil/legacy">V-71313</ident><ident system="http://cyber.mil/cci">CCI-001662</ident><fixtext fixref="F-16728r312224_fix">Set the policy value for Computer Configuration -&gt; Administrative Templates -&gt; Microsoft Office 2016 (Machine) -&gt; Security Settings -&gt; IE Security "Block popups" to "Enabled" and place a check in the 'groove.exe' check box.
</fixtext><fix id="F-16728r312224_fix" /><check system="C-16730r312223_chk"><check-content-ref href="Microsoft_OneDrive_STIG.xml" name="M" /><check-content>Verify the policy value for Computer Configuration -&gt; Administrative Templates -&gt; Microsoft Office 2016 (Machine) -&gt; Security Settings -&gt; IE Security "Block popups" is set to "Enabled" and 'groove.exe' is checked.

Procedure: Use the Windows Registry Editor to navigate to the following key: 

HKLM\Software\Microsoft\Internet Explorer\Main\FeatureControl\FEATURE_WEBOC_POPUPMANAGEMENT

Criteria: If the value groove.exe is REG_DWORD = 1, this is not a finding.</check-content></check></Rule></Group><Group id="V-215536"><title>SRG-APP-000209</title><description>&lt;GroupDescription&gt;&lt;/GroupDescription&gt;</description><Rule id="SV-215536r961089_rule" weight="10.0" severity="medium"><version>DTOO132</version><title>File Downloads must be configured for proper restrictions.
</title><description>&lt;VulnDiscussion&gt;Disabling this setting allows websites to present file download prompts via code without the user specifically initiating the download. User preferences may also allow the download to occur without prompting or interaction with the user. Even if Internet Explorer prompts the user to accept the download, some websites abuse this functionality. Malicious websites may continually prompt users to download a file or present confusing dialog boxes to trick users into downloading or running a file. If the download occurs and it contains malicious code, the code could become active on user computers or the network.&lt;/VulnDiscussion&gt;&lt;FalsePositives&gt;&lt;/FalsePositives&gt;&lt;FalseNegatives&gt;&lt;/FalseNegatives&gt;&lt;Documentable&gt;false&lt;/Documentable&gt;&lt;Mitigations&gt;&lt;/Mitigations&gt;&lt;SeverityOverrideGuidance&gt;&lt;/SeverityOverrideGuidance&gt;&lt;PotentialImpacts&gt;&lt;/PotentialImpacts&gt;&lt;ThirdPartyTools&gt;&lt;/ThirdPartyTools&gt;&lt;MitigationControl&gt;&lt;/MitigationControl&gt;&lt;Responsibility&gt;&lt;/Responsibility&gt;&lt;IAControls&gt;&lt;/IAControls&gt;</description><reference><dc:title>DPMS Target Microsoft OneDrive</dc:title><dc:publisher>DISA</dc:publisher><dc:type>DPMS Target</dc:type><dc:subject>Microsoft OneDrive</dc:subject><dc:identifier>4015</dc:identifier></reference><ident system="http://cyber.mil/legacy">SV-85941</ident><ident system="http://cyber.mil/legacy">V-71317</ident><ident system="http://cyber.mil/cci">CCI-001169</ident><fixtext fixref="F-16729r312227_fix">Set the policy value for Computer Configuration -&gt; Administrative Templates -&gt; Microsoft Office 2016 (Machine) -&gt; Security Settings -&gt; IE Security "Restrict File Download" to "Enabled" and place a check in the 'groove.exe' check box.</fixtext><fix id="F-16729r312227_fix" /><check system="C-16731r312226_chk"><check-content-ref href="Microsoft_OneDrive_STIG.xml" name="M" /><check-content>Verify the policy value for Computer Configuration -&gt; Administrative Templates -&gt; Microsoft Office 2016 (Machine) -&gt; Security Settings -&gt; IE Security "Restrict File Download" is set to "Enabled" and 'groove.exe' is checked.

Procedure: Use the Windows Registry Editor to navigate to the following key: 

HKLM\Software\Microsoft\Internet Explorer\Main\FeatureControl\FEATURE_RESTRICT_FILEDOWNLOAD

Criteria: If the value of groove.exe is REG_DWORD = 1, this is not a finding.
</check-content></check></Rule></Group><Group id="V-215537"><title>SRG-APP-000112</title><description>&lt;GroupDescription&gt;&lt;/GroupDescription&gt;</description><Rule id="SV-215537r960921_rule" weight="10.0" severity="medium"><version>DTOO209</version><title>Protection from zone elevation must be enforced.
</title><description>&lt;VulnDiscussion&gt;Internet Explorer places restrictions on each web page users can use the browser to open. Web pages on a user's local computer have the fewest security restrictions and reside in the Local Machine zone, making this security zone a prime target for malicious users and code. Disabling or not configuring this setting could allow pages in the Internet zone to navigate to pages in the Local Machine zone to then run code to elevate privileges. This could allow malicious code or users to become active on user computers or the network.&lt;/VulnDiscussion&gt;&lt;FalsePositives&gt;&lt;/FalsePositives&gt;&lt;FalseNegatives&gt;&lt;/FalseNegatives&gt;&lt;Documentable&gt;false&lt;/Documentable&gt;&lt;Mitigations&gt;&lt;/Mitigations&gt;&lt;SeverityOverrideGuidance&gt;&lt;/SeverityOverrideGuidance&gt;&lt;PotentialImpacts&gt;&lt;/PotentialImpacts&gt;&lt;ThirdPartyTools&gt;&lt;/ThirdPartyTools&gt;&lt;MitigationControl&gt;&lt;/MitigationControl&gt;&lt;Responsibility&gt;&lt;/Responsibility&gt;&lt;IAControls&gt;&lt;/IAControls&gt;</description><reference><dc:title>DPMS Target Microsoft OneDrive</dc:title><dc:publisher>DISA</dc:publisher><dc:type>DPMS Target</dc:type><dc:subject>Microsoft OneDrive</dc:subject><dc:identifier>4015</dc:identifier></reference><ident system="http://cyber.mil/legacy">SV-85943</ident><ident system="http://cyber.mil/legacy">V-71319</ident><ident system="http://cyber.mil/cci">CCI-001695</ident><fixtext fixref="F-16730r312230_fix">Set the policy value for Computer Configuration -&gt; Administrative Templates -&gt; Microsoft Office 2016 (Machine) -&gt; Security Settings -&gt; IE Security "Protection From Zone Elevation" to "Enabled" and place a check in the 'groove.exe' check box.
</fixtext><fix id="F-16730r312230_fix" /><check system="C-16732r312229_chk"><check-content-ref href="Microsoft_OneDrive_STIG.xml" name="M" /><check-content>Verify the policy value for Computer Configuration -&gt; Administrative Templates -&gt; Microsoft Office 2016 (Machine) -&gt; Security Settings -&gt; IE Security "Protection From Zone Elevation" is set to "Enabled" and 'groove.exe' is checked.

Procedure: Use the Windows Registry Editor to navigate to the following key: 

HKLM\Software\Microsoft\Internet Explorer\Main\FeatureControl\FEATURE_ZONE_ELEVATION

Criteria: If the value groove.exe is REG_DWORD = 1, this is not a finding.</check-content></check></Rule></Group><Group id="V-215538"><title>SRG-APP-000488</title><description>&lt;GroupDescription&gt;&lt;/GroupDescription&gt;</description><Rule id="SV-215538r961779_rule" weight="10.0" severity="medium"><version>DTOO211</version><title>ActiveX Installs must be configured for proper restriction.
</title><description>&lt;VulnDiscussion&gt;Microsoft ActiveX controls allow unmanaged, unprotected code to run on the user computers. ActiveX controls do not run within a protected container in the browser like the other types of HTML or Microsoft Silverlight-based controls. Disabling or not configuring this setting does not block prompts for ActiveX control installations, and these prompts display to users. This could allow malicious code to become active on user computers or the network.&lt;/VulnDiscussion&gt;&lt;FalsePositives&gt;&lt;/FalsePositives&gt;&lt;FalseNegatives&gt;&lt;/FalseNegatives&gt;&lt;Documentable&gt;false&lt;/Documentable&gt;&lt;Mitigations&gt;&lt;/Mitigations&gt;&lt;SeverityOverrideGuidance&gt;&lt;/SeverityOverrideGuidance&gt;&lt;PotentialImpacts&gt;&lt;/PotentialImpacts&gt;&lt;ThirdPartyTools&gt;&lt;/ThirdPartyTools&gt;&lt;MitigationControl&gt;&lt;/MitigationControl&gt;&lt;Responsibility&gt;&lt;/Responsibility&gt;&lt;IAControls&gt;&lt;/IAControls&gt;</description><reference><dc:title>DPMS Target Microsoft OneDrive</dc:title><dc:publisher>DISA</dc:publisher><dc:type>DPMS Target</dc:type><dc:subject>Microsoft OneDrive</dc:subject><dc:identifier>4015</dc:identifier></reference><ident system="http://cyber.mil/legacy">SV-85945</ident><ident system="http://cyber.mil/legacy">V-71321</ident><ident system="http://cyber.mil/cci">CCI-002460</ident><fixtext fixref="F-16731r312233_fix">Set the policy value for Computer Configuration -&gt; Administrative Templates -&gt; Microsoft Office 2016 (Machine) -&gt; Security Settings -&gt; IE Security "Restrict ActiveX Install" to "Enabled" and place a check in the 'groove.exe' check box.</fixtext><fix id="F-16731r312233_fix" /><check system="C-16733r312232_chk"><check-content-ref href="Microsoft_OneDrive_STIG.xml" name="M" /><check-content>Verify the policy value for Computer Configuration -&gt; Administrative Templates -&gt; Microsoft Office 2016 (Machine) -&gt; Security Settings -&gt; IE Security "Restrict ActiveX Install" is set to "Enabled" and 'groove.exe' is checked.

Procedure: Use the Windows Registry Editor to navigate to the following key: 

HKLM\Software\Microsoft\Internet Explorer\Main\FeatureControl\FEATURE_RESTRICT_ACTIVEXINSTALL

Criteria: If the value groove.exe is REG_DWORD = 1, this is not a finding.</check-content></check></Rule></Group><Group id="V-230562"><title>SRG-APP-000516</title><description>&lt;GroupDescription&gt;&lt;/GroupDescription&gt;</description><Rule id="SV-230562r961863_rule" weight="10.0" severity="medium"><version>DTOO605</version><title>OneDrive must only allow synchronizing of accounts for DoD organization instances.</title><description>&lt;VulnDiscussion&gt;OneDrive provides access to external services for data storage, which must be restricted to authorized instances if enabled. Configuring this setting will restrict synchronizing of OneDrive accounts to DoD organization instances.&lt;/VulnDiscussion&gt;&lt;FalsePositives&gt;&lt;/FalsePositives&gt;&lt;FalseNegatives&gt;&lt;/FalseNegatives&gt;&lt;Documentable&gt;false&lt;/Documentable&gt;&lt;Mitigations&gt;&lt;/Mitigations&gt;&lt;SeverityOverrideGuidance&gt;&lt;/SeverityOverrideGuidance&gt;&lt;PotentialImpacts&gt;&lt;/PotentialImpacts&gt;&lt;ThirdPartyTools&gt;&lt;/ThirdPartyTools&gt;&lt;MitigationControl&gt;&lt;/MitigationControl&gt;&lt;Responsibility&gt;&lt;/Responsibility&gt;&lt;IAControls&gt;&lt;/IAControls&gt;</description><reference><dc:title>DPMS Target Microsoft OneDrive</dc:title><dc:publisher>DISA</dc:publisher><dc:type>DPMS Target</dc:type><dc:subject>Microsoft OneDrive</dc:subject><dc:identifier>4015</dc:identifier></reference><ident system="http://cyber.mil/legacy">SV-98853</ident><ident system="http://cyber.mil/legacy">V-88203</ident><ident system="http://cyber.mil/cci">CCI-000366</ident><fixtext fixref="F-33206r603118_fix">Configure the policy value for Computer Configuration &gt;&gt; Administrative Templates &gt;&gt; OneDrive &gt;&gt; "Allow syncing OneDrive accounts for only specific organizations", with the Tenant GUID of the organization's DoD instance in the format 1111-2222-3333-4444.

If the organization does not have an instance of OneDrive, configure the Tenant GUID with "1111-2222-3333-4444".

Group policy files for OneDrive are located on a system with OneDrive in "%localappdata%\Microsoft\OneDrive\BuildNumber\adm\".

Copy the OneDrive.admx and .adml files to the \Windows\PolicyDefinitions and \Windows\PolicyDefinitions\en-US directories respectively.</fixtext><fix id="F-33206r603118_fix" /><check system="C-33231r603236_chk"><check-content-ref href="Microsoft_OneDrive_STIG.xml" name="M" /><check-content>If the organization is using a DoD instance of OneDrive, verify synchronizing is only allowed to the organization's DoD instance.

If the organization does not have an instance of OneDrive, verify this is configured with the noted dummy entry to prevent synchronizing with other instances.

If the following registry value does not exist or is not configured as specified, this is a finding.

Registry Hive: HKEY_LOCAL_MACHINE
Registry Path: \SOFTWARE\Policies\Microsoft\OneDrive\AllowTenantList\

Value Name: Organization's Tenant GUID

Value Type: REG_SZ
Value: Organization's Tenant GUID

If the organization does not have an instance of OneDrive, the Value Name and Value must be 1111-2222-3333-4444.

If it is not, this is a finding.</check-content></check></Rule></Group><Group id="V-230564"><title>SRG-APP-000141</title><description>&lt;GroupDescription&gt;&lt;/GroupDescription&gt;</description><Rule id="SV-230564r960963_rule" weight="10.0" severity="medium"><version>DTOO607</version><title>The use of personal accounts for OneDrive synchronization must be disabled.</title><description>&lt;VulnDiscussion&gt;OneDrive provides access to external services for data storage, which must be restricted to authorized instances. Enabling this setting will prevent the use of personal OneDrive accounts for synchronization.&lt;/VulnDiscussion&gt;&lt;FalsePositives&gt;&lt;/FalsePositives&gt;&lt;FalseNegatives&gt;&lt;/FalseNegatives&gt;&lt;Documentable&gt;false&lt;/Documentable&gt;&lt;Mitigations&gt;&lt;/Mitigations&gt;&lt;SeverityOverrideGuidance&gt;&lt;/SeverityOverrideGuidance&gt;&lt;PotentialImpacts&gt;&lt;/PotentialImpacts&gt;&lt;ThirdPartyTools&gt;&lt;/ThirdPartyTools&gt;&lt;MitigationControl&gt;&lt;/MitigationControl&gt;&lt;Responsibility&gt;&lt;/Responsibility&gt;&lt;IAControls&gt;&lt;/IAControls&gt;</description><reference><dc:title>DPMS Target Microsoft OneDrive</dc:title><dc:publisher>DISA</dc:publisher><dc:type>DPMS Target</dc:type><dc:subject>Microsoft OneDrive</dc:subject><dc:identifier>4015</dc:identifier></reference><ident system="http://cyber.mil/legacy">V-82137</ident><ident system="http://cyber.mil/legacy">SV-96851</ident><ident system="http://cyber.mil/cci">CCI-000381</ident><fixtext fixref="F-33208r918122_fix">Configure the policy value for User Configuration &gt;&gt; Administrative Templates &gt;&gt; OneDrive &gt;&gt; "Prevent users from syncing personal OneDrive accounts" to "Enabled". 

Group policy files for OneDrive are located on a system with OneDrive in "%localappdata%\Microsoft\OneDrive\BuildNumber\adm\".

Copy the OneDrive.admx and .adml files to the \Windows\PolicyDefinitions and \Windows\PolicyDefinitions\en-US directories respectively.</fixtext><fix id="F-33208r918122_fix" /><check system="C-33233r603123_chk"><check-content-ref href="Microsoft_OneDrive_STIG.xml" name="M" /><check-content>If the following registry value does not exist or is not configured as specified, this is a finding.

Registry Hive: HKEY_CURRENT_USER
Registry Path: \Software\Policies\Microsoft\OneDrive\

Value Name: DisablePersonalSync

Value Type: REG_DWORD
Value: 0x00000001 (1)</check-content></check></Rule></Group><Group id="V-275978"><title>SRG-APP-000456</title><description>&lt;GroupDescription&gt;&lt;/GroupDescription&gt;</description><Rule id="SV-275978r1111822_rule" weight="10.0" severity="high"><version>DTOO999-OneDrive</version><title>The version of OneDrive running on the system must be a supported version.</title><description>&lt;VulnDiscussion&gt;Security flaws with software applications are discovered daily. Vendors are constantly updating and patching their products to address newly discovered security vulnerabilities. Organizations (including any contractor to the organization) are required to promptly install security-relevant software updates (e.g., patches, service packs, and hot fixes). Flaws discovered during security assessments, continuous monitoring, incident response activities, or information system error handling must also be addressed expeditiously.

Organization-defined time periods for updating security-relevant software may vary based on a variety of factors including, for example, the security category of the information system or the criticality of the update (i.e., severity of the vulnerability related to the discovered flaw).

This requirement will apply to software patch management solutions that are used to install patches across the enclave and also to applications themselves that are not part of that patch management solution. For example, many browsers today provide the capability to install their own patch software. Patch criticality, as well as system criticality will vary. Therefore, the tactical situations regarding the patch management process will also vary. This means that the time period used must be a configurable parameter. Time frames for application of security-relevant software updates may be dependent upon the Information Assurance Vulnerability Management (IAVM) process.

The application will be configured to check for and install security-relevant software updates within an identified time period from the availability of the update. The specific time period will be defined by an authoritative source (e.g., IAVM, CTOs, DTMs, and STIGs).&lt;/VulnDiscussion&gt;&lt;FalsePositives&gt;&lt;/FalsePositives&gt;&lt;FalseNegatives&gt;&lt;/FalseNegatives&gt;&lt;Documentable&gt;false&lt;/Documentable&gt;&lt;Mitigations&gt;&lt;/Mitigations&gt;&lt;SeverityOverrideGuidance&gt;&lt;/SeverityOverrideGuidance&gt;&lt;PotentialImpacts&gt;&lt;/PotentialImpacts&gt;&lt;ThirdPartyTools&gt;&lt;/ThirdPartyTools&gt;&lt;MitigationControl&gt;&lt;/MitigationControl&gt;&lt;Responsibility&gt;&lt;/Responsibility&gt;&lt;IAControls&gt;&lt;/IAControls&gt;</description><reference><dc:title>DPMS Target Microsoft OneDrive</dc:title><dc:publisher>DISA</dc:publisher><dc:type>DPMS Target</dc:type><dc:subject>Microsoft OneDrive</dc:subject><dc:identifier>4015</dc:identifier></reference><ident system="http://cyber.mil/cci">CCI-002605</ident><fixtext fixref="F-80001r1111821_fix">Upgrade to a supported version.</fixtext><fix id="F-80001r1111821_fix" /><check system="C-80096r1111820_chk"><check-content-ref href="Microsoft_OneDrive_STIG.xml" name="M" /><check-content>OneDrive version 24.x.x.x (and older) are no longer supported by the vendor. If the system is running OneDrive version 24.x.x.x (or older), this is a finding.</check-content></check></Rule></Group></Benchmark>