<BackupInst xmlns="http://www.microsoft.com/GroupPolicy/GPOOperations/Manifest"><GPOGuid><![CDATA[{DE3270D8-3CE7-42A6-8C4E-EB594DF0B77B}]]></GPOGuid><GPODomain><![CDATA[security.local]]></GPODomain><GPODomainGuid><![CDATA[{2b127034-e676-4f54-b03a-e700e3004cb0}]]></GPODomainGuid><GPODomainController><![CDATA[GPOSrv2016.security.local]]></GPODomainController><BackupTime><![CDATA[2025-02-28T13:31:35]]></BackupTime><ID><![CDATA[{73B6E94F-59E5-4513-8877-7D2302DFFA2D}]]></ID><Comment><![CDATA[]]></Comment><GPODisplayName><![CDATA[DoD WinSvr 2016 MS STIG Comp v2r10]]></GPODisplayName></BackupInst>
