<Backups xmlns="http://www.microsoft.com/GroupPolicy/GPOOperations/Manifest" xmlns:mfst="http://www.microsoft.com/GroupPolicy/GPOOperations/Manifest" mfst:version="1.0"><BackupInst><GPOGuid><![CDATA[{2A4500E0-5BE0-44D9-B8BA-0E8A9E48CE38}]]></GPOGuid><GPODomain><![CDATA[security.local]]></GPODomain><GPODomainGuid><![CDATA[{2b127034-e676-4f54-b03a-e700e3004cb0}]]></GPODomainGuid><GPODomainController><![CDATA[GPOSrv2016.security.local]]></GPODomainController><BackupTime><![CDATA[2025-02-28T13:31:36]]></BackupTime><ID><![CDATA[{6E48405F-235D-4218-A716-480132B9D9F9}]]></ID><Comment><![CDATA[]]></Comment><GPODisplayName><![CDATA[DoD WinSvr 2016 MS STIG User v2r10]]></GPODisplayName></BackupInst><BackupInst><GPOGuid><![CDATA[{DE3270D8-3CE7-42A6-8C4E-EB594DF0B77B}]]></GPOGuid><GPODomain><![CDATA[security.local]]></GPODomain><GPODomainGuid><![CDATA[{2b127034-e676-4f54-b03a-e700e3004cb0}]]></GPODomainGuid><GPODomainController><![CDATA[GPOSrv2016.security.local]]></GPODomainController><BackupTime><![CDATA[2025-02-28T13:31:35]]></BackupTime><ID><![CDATA[{73B6E94F-59E5-4513-8877-7D2302DFFA2D}]]></ID><Comment><![CDATA[]]></Comment><GPODisplayName><![CDATA[DoD WinSvr 2016 MS STIG Comp v2r10]]></GPODisplayName></BackupInst><BackupInst><GPOGuid><![CDATA[{0D0B885D-E3E5-42A3-B0E6-B7C7D69C587A}]]></GPOGuid><GPODomain><![CDATA[security.local]]></GPODomain><GPODomainGuid><![CDATA[{2b127034-e676-4f54-b03a-e700e3004cb0}]]></GPODomainGuid><GPODomainController><![CDATA[GPOSrv2016.security.local]]></GPODomainController><BackupTime><![CDATA[2025-02-28T13:31:34]]></BackupTime><ID><![CDATA[{798786B9-986A-4E55-94D6-E97217659BF4}]]></ID><Comment><![CDATA[]]></Comment><GPODisplayName><![CDATA[DoD WinSvr 2016 DC STIG User v2r10]]></GPODisplayName></BackupInst><BackupInst><GPOGuid><![CDATA[{E98E982C-AC3B-4B53-8EA4-8CC45200FD32}]]></GPOGuid><GPODomain><![CDATA[security.local]]></GPODomain><GPODomainGuid><![CDATA[{2b127034-e676-4f54-b03a-e700e3004cb0}]]></GPODomainGuid><GPODomainController><![CDATA[GPOSrv2016.security.local]]></GPODomainController><BackupTime><![CDATA[2025-02-28T13:31:29]]></BackupTime><ID><![CDATA[{65BDEBDD-DB86-4793-9E1E-42A508DED54D}]]></ID><Comment><![CDATA[]]></Comment><GPODisplayName><![CDATA[DoD WinSvr 2016 DC STIG Comp v2r10]]></GPODisplayName></BackupInst></Backups>