<BackupInst xmlns="http://www.microsoft.com/GroupPolicy/GPOOperations/Manifest"><GPOGuid><![CDATA[{FA764DC9-0403-4503-A258-2C410B9107EC}]]></GPOGuid><GPODomain><![CDATA[security.local]]></GPODomain><GPODomainGuid><![CDATA[{2b127034-e676-4f54-b03a-e700e3004cb0}]]></GPODomainGuid><GPODomainController><![CDATA[GPOSrv2016.security.local]]></GPODomainController><BackupTime><![CDATA[2026-01-09T16:17:25]]></BackupTime><ID><![CDATA[{0CF2B840-C02C-4AF8-9FE3-B2A50605AA79}]]></ID><Comment><![CDATA[]]></Comment><GPODisplayName><![CDATA[Local Policy DoD Windows 11 Computer STIG v2r6]]></GPODisplayName></BackupInst>
