<?xml version="1.0" encoding="utf-8"?><?xml-stylesheet type='text/xsl' href='STIG_unclass.xsl'?><Benchmark xmlns:dsig="http://www.w3.org/2000/09/xmldsig#" xmlns:xsi="http://www.w3.org/2001/XMLSchema-instance" xmlns:cpe="http://cpe.mitre.org/language/2.0" xmlns:xhtml="http://www.w3.org/1999/xhtml" xmlns:dc="http://purl.org/dc/elements/1.1/" id="Microsoft_OneNote_2016" xml:lang="en" xsi:schemaLocation="http://checklists.nist.gov/xccdf/1.1 http://nvd.nist.gov/schema/xccdf-1.1.4.xsd http://cpe.mitre.org/dictionary/2.0 http://cpe.mitre.org/files/cpe-dictionary_2.1.xsd" xmlns="http://checklists.nist.gov/xccdf/1.1"><status date="2017-01-19">accepted</status><title>Microsoft OneNote 2016 Security Technical Implementation Guide</title><description>The Microsoft OneNote 2016 Security Technical Implementation Guide (STIG) is published as a tool to improve the security of Department of Defense (DoD) information systems.  Comments or proposed revisions to this document should be sent via e-mail to the following address: disa.stig_spt@mail.mil.</description><notice id="terms-of-use" xml:lang="en"></notice><reference href="http://iase.disa.mil"><dc:publisher>DISA</dc:publisher><dc:source>STIG.DOD.MIL</dc:source></reference><plain-text id="release-info">Release: 2 Benchmark Date: 19 Jan 2017</plain-text><version>1</version><Profile id="MAC-1_Classified"><title>I - Mission Critical Classified</title><description>&lt;ProfileDescription&gt;&lt;/ProfileDescription&gt;</description><select idref="V-70829" selected="true" /><select idref="V-70831" selected="true" /><select idref="V-70833" selected="true" /><select idref="V-70835" selected="true" /><select idref="V-70837" selected="true" /><select idref="V-70839" selected="true" /><select idref="V-70841" selected="true" /><select idref="V-70843" selected="true" /><select idref="V-70845" selected="true" /><select idref="V-70847" selected="true" /></Profile><Profile id="MAC-1_Public"><title>I - Mission Critical Public</title><description>&lt;ProfileDescription&gt;&lt;/ProfileDescription&gt;</description><select idref="V-70829" selected="true" /><select idref="V-70831" selected="true" /><select idref="V-70833" selected="true" /><select idref="V-70835" selected="true" /><select idref="V-70837" selected="true" /><select idref="V-70839" selected="true" /><select idref="V-70841" selected="true" /><select idref="V-70843" selected="true" /><select idref="V-70845" selected="true" /><select idref="V-70847" selected="true" /></Profile><Profile id="MAC-1_Sensitive"><title>I - Mission Critical Sensitive</title><description>&lt;ProfileDescription&gt;&lt;/ProfileDescription&gt;</description><select idref="V-70829" selected="true" /><select idref="V-70831" selected="true" /><select idref="V-70833" selected="true" /><select idref="V-70835" selected="true" /><select idref="V-70837" selected="true" /><select idref="V-70839" selected="true" /><select idref="V-70841" selected="true" /><select idref="V-70843" selected="true" /><select idref="V-70845" selected="true" /><select idref="V-70847" selected="true" /></Profile><Profile id="MAC-2_Classified"><title>II - Mission Support Classified</title><description>&lt;ProfileDescription&gt;&lt;/ProfileDescription&gt;</description><select idref="V-70829" selected="true" /><select idref="V-70831" selected="true" /><select idref="V-70833" selected="true" /><select idref="V-70835" selected="true" /><select idref="V-70837" selected="true" /><select idref="V-70839" selected="true" /><select idref="V-70841" selected="true" /><select idref="V-70843" selected="true" /><select idref="V-70845" selected="true" /><select idref="V-70847" selected="true" /></Profile><Profile id="MAC-2_Public"><title>II - Mission Support Public</title><description>&lt;ProfileDescription&gt;&lt;/ProfileDescription&gt;</description><select idref="V-70829" selected="true" /><select idref="V-70831" selected="true" /><select idref="V-70833" selected="true" /><select idref="V-70835" selected="true" /><select idref="V-70837" selected="true" /><select idref="V-70839" selected="true" /><select idref="V-70841" selected="true" /><select idref="V-70843" selected="true" /><select idref="V-70845" selected="true" /><select idref="V-70847" selected="true" /></Profile><Profile id="MAC-2_Sensitive"><title>II - Mission Support Sensitive</title><description>&lt;ProfileDescription&gt;&lt;/ProfileDescription&gt;</description><select idref="V-70829" selected="true" /><select idref="V-70831" selected="true" /><select idref="V-70833" selected="true" /><select idref="V-70835" selected="true" /><select idref="V-70837" selected="true" /><select idref="V-70839" selected="true" /><select idref="V-70841" selected="true" /><select idref="V-70843" selected="true" /><select idref="V-70845" selected="true" /><select idref="V-70847" selected="true" /></Profile><Profile id="MAC-3_Classified"><title>III - Administrative Classified</title><description>&lt;ProfileDescription&gt;&lt;/ProfileDescription&gt;</description><select idref="V-70829" selected="true" /><select idref="V-70831" selected="true" /><select idref="V-70833" selected="true" /><select idref="V-70835" selected="true" /><select idref="V-70837" selected="true" /><select idref="V-70839" selected="true" /><select idref="V-70841" selected="true" /><select idref="V-70843" selected="true" /><select idref="V-70845" selected="true" /><select idref="V-70847" selected="true" /></Profile><Profile id="MAC-3_Public"><title>III - Administrative Public</title><description>&lt;ProfileDescription&gt;&lt;/ProfileDescription&gt;</description><select idref="V-70829" selected="true" /><select idref="V-70831" selected="true" /><select idref="V-70833" selected="true" /><select idref="V-70835" selected="true" /><select idref="V-70837" selected="true" /><select idref="V-70839" selected="true" /><select idref="V-70841" selected="true" /><select idref="V-70843" selected="true" /><select idref="V-70845" selected="true" /><select idref="V-70847" selected="true" /></Profile><Profile id="MAC-3_Sensitive"><title>III - Administrative Sensitive</title><description>&lt;ProfileDescription&gt;&lt;/ProfileDescription&gt;</description><select idref="V-70829" selected="true" /><select idref="V-70831" selected="true" /><select idref="V-70833" selected="true" /><select idref="V-70835" selected="true" /><select idref="V-70837" selected="true" /><select idref="V-70839" selected="true" /><select idref="V-70841" selected="true" /><select idref="V-70843" selected="true" /><select idref="V-70845" selected="true" /><select idref="V-70847" selected="true" /></Profile><Group id="V-70829"><title>SRG-APP-000210</title><description>&lt;GroupDescription&gt;&lt;/GroupDescription&gt;</description><Rule id="SV-85453r2_rule" severity="medium" weight="10.0"><version>DTOO104</version><title>Disabling of user name and password syntax from being used in URLs must be enforced.
</title><description>&lt;VulnDiscussion&gt;The Uniform Resource Locator (URL) standard allows user authentication to be included in URL strings in the form http://username:password@example.com. A malicious user might use this URL syntax to create a hyperlink that appears to open a legitimate website but actually opens a deceptive (spoofed) website. For example, the URL http://www.wingtiptoys.com@example.com appears to open http://www.wingtiptoys.com but actually opens http://example.com. To protect users from such attacks, Internet Explorer usually blocks any URLs using this syntax.

This functionality can be controlled separately for instances of Internet Explorer spawned by Office applications (for example, if a user clicks a link in an Office document or selects a menu option that loads a website). If user names and passwords in URLs are allowed, users could be diverted to dangerous Web pages, which could pose a security risk.&lt;/VulnDiscussion&gt;&lt;FalsePositives&gt;&lt;/FalsePositives&gt;&lt;FalseNegatives&gt;&lt;/FalseNegatives&gt;&lt;Documentable&gt;false&lt;/Documentable&gt;&lt;Mitigations&gt;&lt;/Mitigations&gt;&lt;SeverityOverrideGuidance&gt;&lt;/SeverityOverrideGuidance&gt;&lt;PotentialImpacts&gt;&lt;/PotentialImpacts&gt;&lt;ThirdPartyTools&gt;&lt;/ThirdPartyTools&gt;&lt;MitigationControl&gt;&lt;/MitigationControl&gt;&lt;Responsibility&gt;&lt;/Responsibility&gt;&lt;IAControls&gt;&lt;/IAControls&gt;</description><reference><dc:title>DPMS Target Microsoft OneNote 2016</dc:title><dc:publisher>DISA</dc:publisher><dc:type>DPMS Target</dc:type><dc:subject>Microsoft OneNote 2016</dc:subject><dc:identifier>3115</dc:identifier></reference><ident system="http://iase.disa.mil/cci">CCI-001170</ident><fixtext fixref="F-77159r1_fix">Set the policy value for Computer Configuration -&gt; Administrative Templates -&gt; Microsoft Office 2016 (Machine) -&gt; Security Settings -&gt; IE Security "Disable user name and password" to "Enabled" and place a check in the 'onent.exe' check box.
</fixtext><fix id="F-77159r1_fix" /><check system="C-71271r4_chk"><check-content-ref name="M" href="DPMS_XCCDF_Benchmark_Microsoft OneNote 2016.xml" /><check-content>Verify the policy value for Computer Configuration -&gt; Administrative Templates -&gt; Microsoft Office 2016 (Machine) -&gt; Security Settings -&gt; IE Security "Disable user name and password" is set to "Enabled" and 'onent.exe' is checked.

Procedure: Use the Windows Registry Editor to navigate to the following key:
HKLM\Software\Microsoft\Internet Explorer\Main\FeatureControl\FEATURE_HTTP_USERNAME_PASSWORD_DISABLE

Criteria: If the value onenote.exe is REG_DWORD = 1, this is not a finding.</check-content></check></Rule></Group><Group id="V-70831"><title>SRG-APP-000112</title><description>&lt;GroupDescription&gt;&lt;/GroupDescription&gt;</description><Rule id="SV-85455r2_rule" severity="medium" weight="10.0"><version>DTOO111</version><title>Enabling IE Bind to Object functionality must be present.
</title><description>&lt;VulnDiscussion&gt;Internet Explorer performs a number of safety checks before initializing an ActiveX control. It will not initialize a control if the kill bit for the control is set in the registry, or if the security settings for the zone in which the control is located do not allow it to be initialized.
This functionality can be controlled separately for instances of Internet Explorer spawned by Office applications (for example, if a user clicks a link in an Office document or selects a menu option that loads a web page). A security risk could occur if potentially dangerous controls are allowed to load.&lt;/VulnDiscussion&gt;&lt;FalsePositives&gt;&lt;/FalsePositives&gt;&lt;FalseNegatives&gt;&lt;/FalseNegatives&gt;&lt;Documentable&gt;false&lt;/Documentable&gt;&lt;Mitigations&gt;&lt;/Mitigations&gt;&lt;SeverityOverrideGuidance&gt;&lt;/SeverityOverrideGuidance&gt;&lt;PotentialImpacts&gt;&lt;/PotentialImpacts&gt;&lt;ThirdPartyTools&gt;&lt;/ThirdPartyTools&gt;&lt;MitigationControl&gt;&lt;/MitigationControl&gt;&lt;Responsibility&gt;&lt;/Responsibility&gt;&lt;IAControls&gt;&lt;/IAControls&gt;</description><reference><dc:title>DPMS Target Microsoft OneNote 2016</dc:title><dc:publisher>DISA</dc:publisher><dc:type>DPMS Target</dc:type><dc:subject>Microsoft OneNote 2016</dc:subject><dc:identifier>3115</dc:identifier></reference><ident system="http://iase.disa.mil/cci">CCI-001695</ident><fixtext fixref="F-77161r1_fix">Set the policy value for Computer Configuration -&gt; Administrative Templates -&gt; Microsoft Office 2016 (Machine) -&gt; Security Settings -&gt; IE Security "Bind to Object" to "Enabled" and place a check in the 'onent.exe' check box.
</fixtext><fix id="F-77161r1_fix" /><check system="C-71273r4_chk"><check-content-ref name="M" href="DPMS_XCCDF_Benchmark_Microsoft OneNote 2016.xml" /><check-content>Verify the policy value for Computer Configuration -&gt; Administrative Templates -&gt; Microsoft Office 2016 (Machine) -&gt; Security Settings -&gt; IE Security "Bind to Object" is set to "Enabled" and 'onent.exe' is checked.

Procedure: Use the Windows Registry Editor to navigate to the following key: 

HKLM\Software\Microsoft\Internet Explorer\Main\FeatureControl\FEATURE_SAFE_BINDTOOBJECT

Criteria: If the value onenote.exe is REG_DWORD = 1, this is not a finding.</check-content></check></Rule></Group><Group id="V-70833"><title>SRG-APP-000210</title><description>&lt;GroupDescription&gt;&lt;/GroupDescription&gt;</description><Rule id="SV-85457r2_rule" severity="medium" weight="10.0"><version>DTOO117</version><title>Saved from URL mark to assure Internet zone processing must be enforced.
</title><description>&lt;VulnDiscussion&gt;Typically, when Internet Explorer loads a web page from a Universal Naming Convention (UNC) share that contains a Mark of the Web (MOTW) comment, indicating the page was saved from a site on the Internet, Internet Explorer runs the page in the Internet security zone instead of the less restrictive Local Intranet security zone. This functionality can be controlled separately for instances of Internet Explorer spawned by Office applications (for example, if a user clicks a link in an Office document or selects a menu option that loads a web page). If Internet Explorer does not evaluate the page for a MOTW, potentially dangerous code could be allowed to run.
&lt;/VulnDiscussion&gt;&lt;FalsePositives&gt;&lt;/FalsePositives&gt;&lt;FalseNegatives&gt;&lt;/FalseNegatives&gt;&lt;Documentable&gt;false&lt;/Documentable&gt;&lt;Mitigations&gt;&lt;/Mitigations&gt;&lt;SeverityOverrideGuidance&gt;&lt;/SeverityOverrideGuidance&gt;&lt;PotentialImpacts&gt;&lt;/PotentialImpacts&gt;&lt;ThirdPartyTools&gt;&lt;/ThirdPartyTools&gt;&lt;MitigationControl&gt;&lt;/MitigationControl&gt;&lt;Responsibility&gt;&lt;/Responsibility&gt;&lt;IAControls&gt;&lt;/IAControls&gt;</description><reference><dc:title>DPMS Target Microsoft OneNote 2016</dc:title><dc:publisher>DISA</dc:publisher><dc:type>DPMS Target</dc:type><dc:subject>Microsoft OneNote 2016</dc:subject><dc:identifier>3115</dc:identifier></reference><ident system="http://iase.disa.mil/cci">CCI-001170</ident><fixtext fixref="F-77163r1_fix">Set the policy value for Computer Configuration -&gt; Administrative Templates -&gt; Microsoft Office 2016 (Machine) -&gt; Security Settings -&gt; IE Security "Saved from URL" to "Enabled" and place a check in the 'onent.exe' check box.
</fixtext><fix id="F-77163r1_fix" /><check system="C-71275r4_chk"><check-content-ref name="M" href="DPMS_XCCDF_Benchmark_Microsoft OneNote 2016.xml" /><check-content>Verify the policy value for Computer Configuration -&gt; Administrative Templates -&gt; Microsoft Office 2016 (Machine) -&gt; Security Settings -&gt; IE Security "Saved from URL" is set to "Enabled" and 'onent.exe' is checked.

Procedure: Use the Windows Registry Editor to navigate to the following key: 

HKLM\Software\Microsoft\Internet Explorer\Main\FeatureControl\FEATURE_UNC_SAVEDFILECHECK

Criteria: If the value onenote.exe is REG_DWORD = 1, this is not a finding.</check-content></check></Rule></Group><Group id="V-70835"><title>SRG-APP-000210</title><description>&lt;GroupDescription&gt;&lt;/GroupDescription&gt;</description><Rule id="SV-85459r2_rule" severity="medium" weight="10.0"><version>DTOO123</version><title>Navigation to URLs embedded in Office products must be blocked.
</title><description>&lt;VulnDiscussion&gt;To protect users from attacks, Internet Explorer usually does not attempt to load malformed URLs. This functionality can be controlled separately for instances of Internet Explorer spawned by Office applications (for example, if a user clicks a link in an Office document or selects a menu option that loads a web page). If Internet Explorer attempts to load a malformed URL, a security risk could occur.
&lt;/VulnDiscussion&gt;&lt;FalsePositives&gt;&lt;/FalsePositives&gt;&lt;FalseNegatives&gt;&lt;/FalseNegatives&gt;&lt;Documentable&gt;false&lt;/Documentable&gt;&lt;Mitigations&gt;&lt;/Mitigations&gt;&lt;SeverityOverrideGuidance&gt;&lt;/SeverityOverrideGuidance&gt;&lt;PotentialImpacts&gt;&lt;/PotentialImpacts&gt;&lt;ThirdPartyTools&gt;&lt;/ThirdPartyTools&gt;&lt;MitigationControl&gt;&lt;/MitigationControl&gt;&lt;Responsibility&gt;&lt;/Responsibility&gt;&lt;IAControls&gt;&lt;/IAControls&gt;</description><reference><dc:title>DPMS Target Microsoft OneNote 2016</dc:title><dc:publisher>DISA</dc:publisher><dc:type>DPMS Target</dc:type><dc:subject>Microsoft OneNote 2016</dc:subject><dc:identifier>3115</dc:identifier></reference><ident system="http://iase.disa.mil/cci">CCI-001170</ident><fixtext fixref="F-77165r1_fix">Set the policy value for Computer Configuration -&gt; Administrative Templates -&gt; Microsoft Office 2016 (Machine) -&gt; Security Settings -&gt; IE Security "Navigate URL" to "Enabled" and place a check in the 'onent.exe' check box.
</fixtext><fix id="F-77165r1_fix" /><check system="C-71277r4_chk"><check-content-ref name="M" href="DPMS_XCCDF_Benchmark_Microsoft OneNote 2016.xml" /><check-content>Verify the policy value for Computer Configuration -&gt; Administrative Templates -&gt; Microsoft Office 2016 (Machine) -&gt; Security Settings -&gt; IE Security "Navigate URL" is set to "Enabled" and 'onent.exe' is checked.

Procedure: Use the Windows Registry Editor to navigate to the following key: 

HKLM\Software\Microsoft\Internet Explorer\Main\FeatureControl\FEATURE_VALIDATE_NAVIGATE_URL

Criteria: If the value onenote.exe is REG_DWORD = 1, this is not a finding.</check-content></check></Rule></Group><Group id="V-70837"><title>SRG-APP-000207</title><description>&lt;GroupDescription&gt;&lt;/GroupDescription&gt;</description><Rule id="SV-85461r2_rule" severity="medium" weight="10.0"><version>DTOO126</version><title>Add-on Management functionality must be allowed.
</title><description>&lt;VulnDiscussion&gt;Internet Explorer add-ons are pieces of code, run in Internet Explorer, to provide additional functionality. Rogue add-ons may contain viruses or other malicious code. Disabling or not configuring this setting could allow malicious code or users to become active on user computers or the network. For example, a malicious user can monitor and then use keystrokes users type into Internet Explorer. Even legitimate add-ons may demand resources, compromising the performance of Internet Explorer, and the operating systems for user computers.
&lt;/VulnDiscussion&gt;&lt;FalsePositives&gt;&lt;/FalsePositives&gt;&lt;FalseNegatives&gt;&lt;/FalseNegatives&gt;&lt;Documentable&gt;false&lt;/Documentable&gt;&lt;Mitigations&gt;&lt;/Mitigations&gt;&lt;SeverityOverrideGuidance&gt;&lt;/SeverityOverrideGuidance&gt;&lt;PotentialImpacts&gt;&lt;/PotentialImpacts&gt;&lt;ThirdPartyTools&gt;&lt;/ThirdPartyTools&gt;&lt;MitigationControl&gt;&lt;/MitigationControl&gt;&lt;Responsibility&gt;&lt;/Responsibility&gt;&lt;IAControls&gt;&lt;/IAControls&gt;</description><reference><dc:title>DPMS Target Microsoft OneNote 2016</dc:title><dc:publisher>DISA</dc:publisher><dc:type>DPMS Target</dc:type><dc:subject>Microsoft OneNote 2016</dc:subject><dc:identifier>3115</dc:identifier></reference><ident system="http://iase.disa.mil/cci">CCI-001662</ident><fixtext fixref="F-77167r2_fix">Set the policy value for Computer Configuration -&gt; Administrative Templates -&gt; Microsoft Office 2016 (Machine) -&gt; Security Settings -&gt; IE Security "Add-on Management" to "Enabled" and place a check in the 'onent.exe' check box.
</fixtext><fix id="F-77167r2_fix" /><check system="C-71279r3_chk"><check-content-ref name="M" href="DPMS_XCCDF_Benchmark_Microsoft OneNote 2016.xml" /><check-content>Verify the policy value for Computer Configuration -&gt; Administrative Templates -&gt; Microsoft Office 2016 (Machine) -&gt; Security Settings -&gt; IE Security "Add-on Management" is set to "Enabled" and 'onent.exe' is checked.

Procedure: Use the Windows Registry Editor to navigate to the following key: 

HKLM\Software\Microsoft\Internet Explorer\Main\FeatureControl\FEATURE_ADDON_MANAGEMENT

Criteria: If the value onenote.exe is REG_DWORD = 1, this is not a finding.</check-content></check></Rule></Group><Group id="V-70839"><title>SRG-APP-000207</title><description>&lt;GroupDescription&gt;&lt;/GroupDescription&gt;</description><Rule id="SV-85463r2_rule" severity="medium" weight="10.0"><version>DTOO129</version><title>Links that invoke instances of Internet Explorer from within an Office product must be blocked.
</title><description>&lt;VulnDiscussion&gt;The Pop-up Blocker feature in Internet Explorer can be used to block most unwanted pop-up and pop-under windows from appearing. This functionality can be controlled separately for instances of Internet Explorer spawned by Office applications (for example, if a user clicks a link in an Office document or selects a menu option that loads a web page). If the Pop-up Blocker is disabled, disruptive and potentially dangerous pop-up windows could load and present a security risk.
&lt;/VulnDiscussion&gt;&lt;FalsePositives&gt;&lt;/FalsePositives&gt;&lt;FalseNegatives&gt;&lt;/FalseNegatives&gt;&lt;Documentable&gt;false&lt;/Documentable&gt;&lt;Mitigations&gt;&lt;/Mitigations&gt;&lt;SeverityOverrideGuidance&gt;&lt;/SeverityOverrideGuidance&gt;&lt;PotentialImpacts&gt;&lt;/PotentialImpacts&gt;&lt;ThirdPartyTools&gt;&lt;/ThirdPartyTools&gt;&lt;MitigationControl&gt;&lt;/MitigationControl&gt;&lt;Responsibility&gt;&lt;/Responsibility&gt;&lt;IAControls&gt;&lt;/IAControls&gt;</description><reference><dc:title>DPMS Target Microsoft OneNote 2016</dc:title><dc:publisher>DISA</dc:publisher><dc:type>DPMS Target</dc:type><dc:subject>Microsoft OneNote 2016</dc:subject><dc:identifier>3115</dc:identifier></reference><ident system="http://iase.disa.mil/cci">CCI-001662</ident><fixtext fixref="F-77169r2_fix">Set the policy value for Computer Configuration -&gt; Administrative Templates -&gt; Microsoft Office 2016 (Machine) -&gt; Security Settings -&gt; IE Security "Block popups" to "Enabled" and place a check in the 'onent.exe' check box.
</fixtext><fix id="F-77169r2_fix" /><check system="C-71281r3_chk"><check-content-ref name="M" href="DPMS_XCCDF_Benchmark_Microsoft OneNote 2016.xml" /><check-content>Verify the policy value for Computer Configuration -&gt; Administrative Templates -&gt; Microsoft Office 2016 (Machine) -&gt; Security Settings -&gt; IE Security "Block popups" is set to "Enabled" and 'onent.exe' is checked.

Procedure: Use the Windows Registry Editor to navigate to the following key: 

HKLM\Software\Microsoft\Internet Explorer\Main\FeatureControl\FEATURE_WEBOC_POPUPMANAGEMENT

Criteria: If the value onenote.exe is REG_DWORD = 1, this is not a finding.</check-content></check></Rule></Group><Group id="V-70841"><title>SRG-APP-000209</title><description>&lt;GroupDescription&gt;&lt;/GroupDescription&gt;</description><Rule id="SV-85465r2_rule" severity="medium" weight="10.0"><version>DTOO132</version><title>File Downloads must be configured for proper restrictions.
</title><description>&lt;VulnDiscussion&gt;Disabling this setting allows websites to present file download prompts via code without the user specifically initiating the download. User preferences may also allow the download to occur without prompting or interaction with the user. Even if Internet Explorer prompts the user to accept the download, some websites abuse this functionality. Malicious websites may continually prompt users to download a file or present confusing dialog boxes to trick users into downloading or running a file. If the download occurs and it contains malicious code, the code could become active on user computers or the network.
&lt;/VulnDiscussion&gt;&lt;FalsePositives&gt;&lt;/FalsePositives&gt;&lt;FalseNegatives&gt;&lt;/FalseNegatives&gt;&lt;Documentable&gt;false&lt;/Documentable&gt;&lt;Mitigations&gt;&lt;/Mitigations&gt;&lt;SeverityOverrideGuidance&gt;&lt;/SeverityOverrideGuidance&gt;&lt;PotentialImpacts&gt;&lt;/PotentialImpacts&gt;&lt;ThirdPartyTools&gt;&lt;/ThirdPartyTools&gt;&lt;MitigationControl&gt;&lt;/MitigationControl&gt;&lt;Responsibility&gt;&lt;/Responsibility&gt;&lt;IAControls&gt;&lt;/IAControls&gt;</description><reference><dc:title>DPMS Target Microsoft OneNote 2016</dc:title><dc:publisher>DISA</dc:publisher><dc:type>DPMS Target</dc:type><dc:subject>Microsoft OneNote 2016</dc:subject><dc:identifier>3115</dc:identifier></reference><ident system="http://iase.disa.mil/cci">CCI-001169</ident><fixtext fixref="F-77171r2_fix">Set the policy value for Computer Configuration -&gt; Administrative Templates -&gt; Microsoft Office 2016 (Machine) -&gt; Security Settings -&gt; IE Security "Restrict File Download" to "Enabled" and place a check in the 'onent.exe' check box.
</fixtext><fix id="F-77171r2_fix" /><check system="C-71283r3_chk"><check-content-ref name="M" href="DPMS_XCCDF_Benchmark_Microsoft OneNote 2016.xml" /><check-content>Verify the policy value for Computer Configuration -&gt; Administrative Templates -&gt; Microsoft Office 2016 (Machine) -&gt; Security Settings -&gt; IE Security "Restrict File Download" is set to "Enabled" and 'onent.exe' is checked.

Procedure: Use the Windows Registry Editor to navigate to the following key: 

HKLM\Software\Microsoft\Internet Explorer\Main\FeatureControl\FEATURE_RESTRICT_FILEDOWNLOAD

Criteria: If the value of onenote.exe is REG_DWORD = 1, this is not a finding.</check-content></check></Rule></Group><Group id="V-70843"><title>SRG-APP-000112</title><description>&lt;GroupDescription&gt;&lt;/GroupDescription&gt;</description><Rule id="SV-85467r2_rule" severity="medium" weight="10.0"><version>DTOO209</version><title>Protection from zone elevation must be enforced.
</title><description>&lt;VulnDiscussion&gt;Internet Explorer places restrictions on each web page users can use the browser to open. Web pages on a user's local computer have the fewest security restrictions and reside in the Local Machine zone, making this security zone a prime target for malicious users and code. Disabling or not configuring this setting could allow pages in the Internet zone to navigate to pages in the Local Machine zone to then run code to elevate privileges. This could allow malicious code or users to become active on user computers or the network.
&lt;/VulnDiscussion&gt;&lt;FalsePositives&gt;&lt;/FalsePositives&gt;&lt;FalseNegatives&gt;&lt;/FalseNegatives&gt;&lt;Documentable&gt;false&lt;/Documentable&gt;&lt;Mitigations&gt;&lt;/Mitigations&gt;&lt;SeverityOverrideGuidance&gt;&lt;/SeverityOverrideGuidance&gt;&lt;PotentialImpacts&gt;&lt;/PotentialImpacts&gt;&lt;ThirdPartyTools&gt;&lt;/ThirdPartyTools&gt;&lt;MitigationControl&gt;&lt;/MitigationControl&gt;&lt;Responsibility&gt;&lt;/Responsibility&gt;&lt;IAControls&gt;&lt;/IAControls&gt;</description><reference><dc:title>DPMS Target Microsoft OneNote 2016</dc:title><dc:publisher>DISA</dc:publisher><dc:type>DPMS Target</dc:type><dc:subject>Microsoft OneNote 2016</dc:subject><dc:identifier>3115</dc:identifier></reference><ident system="http://iase.disa.mil/cci">CCI-001695</ident><fixtext fixref="F-77173r2_fix">Set the policy value for Computer Configuration -&gt; Administrative Templates -&gt; Microsoft Office 2016 (Machine) -&gt; Security Settings -&gt; IE Security "Protection From Zone Elevation" to "Enabled" and place a check in the 'onent.exe' check box.
</fixtext><fix id="F-77173r2_fix" /><check system="C-71285r3_chk"><check-content-ref name="M" href="DPMS_XCCDF_Benchmark_Microsoft OneNote 2016.xml" /><check-content>Verify the policy value for Computer Configuration -&gt; Administrative Templates -&gt; Microsoft Office 2016 (Machine) -&gt; Security Settings -&gt; IE Security "Protection From Zone Elevation" is set to "Enabled" and 'onent.exe' is checked.

Procedure: Use the Windows Registry Editor to navigate to the following key: 

HKLM\Software\Microsoft\Internet Explorer\Main\FeatureControl\FEATURE_ZONE_ELEVATION

Criteria: If the value onenote.exe is REG_DWORD = 1, this is not a finding.</check-content></check></Rule></Group><Group id="V-70845"><title>SRG-APP-000488</title><description>&lt;GroupDescription&gt;&lt;/GroupDescription&gt;</description><Rule id="SV-85469r2_rule" severity="medium" weight="10.0"><version>DTOO211</version><title>ActiveX Installs must be configured for proper restriction.
</title><description>&lt;VulnDiscussion&gt;Microsoft ActiveX controls allow unmanaged, unprotected code to run on the user computers. ActiveX controls do not run within a protected container in the browser like the other types of HTML or Microsoft Silverlight-based controls. Disabling or not configuring this setting does not block prompts for ActiveX control installations, and these prompts display to users. This could allow malicious code to become active on user computers or the network.
&lt;/VulnDiscussion&gt;&lt;FalsePositives&gt;&lt;/FalsePositives&gt;&lt;FalseNegatives&gt;&lt;/FalseNegatives&gt;&lt;Documentable&gt;false&lt;/Documentable&gt;&lt;Mitigations&gt;&lt;/Mitigations&gt;&lt;SeverityOverrideGuidance&gt;&lt;/SeverityOverrideGuidance&gt;&lt;PotentialImpacts&gt;&lt;/PotentialImpacts&gt;&lt;ThirdPartyTools&gt;&lt;/ThirdPartyTools&gt;&lt;MitigationControl&gt;&lt;/MitigationControl&gt;&lt;Responsibility&gt;&lt;/Responsibility&gt;&lt;IAControls&gt;&lt;/IAControls&gt;</description><reference><dc:title>DPMS Target Microsoft OneNote 2016</dc:title><dc:publisher>DISA</dc:publisher><dc:type>DPMS Target</dc:type><dc:subject>Microsoft OneNote 2016</dc:subject><dc:identifier>3115</dc:identifier></reference><ident system="http://iase.disa.mil/cci">CCI-002460</ident><fixtext fixref="F-77175r2_fix">Set the policy value for Computer Configuration -&gt; Administrative Templates -&gt; Microsoft Office 2016 (Machine) -&gt; Security Settings -&gt; IE Security "Restrict ActiveX Install" to "Enabled" and place a check in the 'onent.exe' check box.
</fixtext><fix id="F-77175r2_fix" /><check system="C-71287r3_chk"><check-content-ref name="M" href="DPMS_XCCDF_Benchmark_Microsoft OneNote 2016.xml" /><check-content>Verify the policy value for Computer Configuration -&gt; Administrative Templates -&gt; Microsoft Office 2016 (Machine) -&gt; Security Settings -&gt; IE Security "Restrict ActiveX Install" is set to "Enabled" and 'onent.exe' is checked.

Procedure: Use the Windows Registry Editor to navigate to the following key: 

HKLM\Software\Microsoft\Internet Explorer\Main\FeatureControl\FEATURE_RESTRICT_ACTIVEXINSTALL

Criteria: If the value onenote.exe is REG_DWORD = 1, this is not a finding.</check-content></check></Rule></Group><Group id="V-70847"><title>SRG-APP-000112</title><description>&lt;GroupDescription&gt;&lt;/GroupDescription&gt;</description><Rule id="SV-85471r2_rule" severity="medium" weight="10.0"><version>DTOO124</version><title>Scripted Window Security must be enforced.
</title><description>&lt;VulnDiscussion&gt;Malicious websites often try to confuse or trick users into giving a site permission to perform an action allowing the site to take control of the users' computers in some manner. Disabling or not configuring this setting allows unknown websites to:
-Create browser windows appearing to be from the local operating system.
-Draw active windows displaying outside of the viewable areas of the screen capturing keyboard input.
-Overlay parent windows with their own browser windows to hide important system information, choices or prompts.&lt;/VulnDiscussion&gt;&lt;FalsePositives&gt;&lt;/FalsePositives&gt;&lt;FalseNegatives&gt;&lt;/FalseNegatives&gt;&lt;Documentable&gt;false&lt;/Documentable&gt;&lt;Mitigations&gt;&lt;/Mitigations&gt;&lt;SeverityOverrideGuidance&gt;&lt;/SeverityOverrideGuidance&gt;&lt;PotentialImpacts&gt;&lt;/PotentialImpacts&gt;&lt;ThirdPartyTools&gt;&lt;/ThirdPartyTools&gt;&lt;MitigationControl&gt;&lt;/MitigationControl&gt;&lt;Responsibility&gt;&lt;/Responsibility&gt;&lt;IAControls&gt;&lt;/IAControls&gt;</description><reference><dc:title>DPMS Target Microsoft OneNote 2016</dc:title><dc:publisher>DISA</dc:publisher><dc:type>DPMS Target</dc:type><dc:subject>Microsoft OneNote 2016</dc:subject><dc:identifier>3115</dc:identifier></reference><ident system="http://iase.disa.mil/cci">CCI-001695</ident><fixtext fixref="F-77177r2_fix">Set the policy value for Computer Configuration -&gt; Administrative Templates -&gt; Microsoft Office 2016 (Machine) -&gt; Security Settings -&gt; IE Security "Scripted Window Security Restrictions" to "Enabled" and place a check in the 'onent.exe' check box.
</fixtext><fix id="F-77177r2_fix" /><check system="C-71289r3_chk"><check-content-ref name="M" href="DPMS_XCCDF_Benchmark_Microsoft OneNote 2016.xml" /><check-content>Verify the policy value for Computer Configuration -&gt; Administrative Templates -&gt; Microsoft Office 2016 (Machine) -&gt; Security Settings -&gt; IE Security "Scripted Window Security Restrictions" is set to "Enabled" and 'onent.exe' is checked.

Procedure: Use the Windows Registry Editor to navigate to the following key: 

HKLM\Software\Microsoft\Internet Explorer\Main\FeatureControl\FEATURE_WINDOW_RESTRICTIONS

Criteria: If the value onenote.exe is REG_DWORD = 1, this is not a finding.</check-content></check></Rule></Group></Benchmark>