<Backups xmlns="http://www.microsoft.com/GroupPolicy/GPOOperations/Manifest" xmlns:mfst="http://www.microsoft.com/GroupPolicy/GPOOperations/Manifest" mfst:version="1.0"><BackupInst><GPOGuid><![CDATA[{7677D542-D42B-4C6C-A343-62E39F922A55}]]></GPOGuid><GPODomain><![CDATA[security.local]]></GPODomain><GPODomainGuid><![CDATA[{2b127034-e676-4f54-b03a-e700e3004cb0}]]></GPODomainGuid><GPODomainController><![CDATA[GPOSrv2016.security.local]]></GPODomainController><BackupTime><![CDATA[2025-11-11T20:15:03]]></BackupTime><ID><![CDATA[{45908286-5844-49B3-B203-CBC483DA8FB7}]]></ID><Comment><![CDATA[]]></Comment><GPODisplayName><![CDATA[DoD WinSvr 2025 DC STIG User v1r1]]></GPODisplayName></BackupInst><BackupInst><GPOGuid><![CDATA[{699D3B0C-7353-4A26-963A-2CDFA6B90116}]]></GPOGuid><GPODomain><![CDATA[security.local]]></GPODomain><GPODomainGuid><![CDATA[{2b127034-e676-4f54-b03a-e700e3004cb0}]]></GPODomainGuid><GPODomainController><![CDATA[GPOSrv2016.security.local]]></GPODomainController><BackupTime><![CDATA[2025-11-11T20:14:57]]></BackupTime><ID><![CDATA[{AF29BAF1-5516-4C12-8B19-AC6C86CBDE52}]]></ID><Comment><![CDATA[]]></Comment><GPODisplayName><![CDATA[DoD WinSvr 2025 DC STIG Comp v1r1]]></GPODisplayName></BackupInst><BackupInst><GPOGuid><![CDATA[{7514B5DB-D5D0-4A7B-8893-BA458CEB521C}]]></GPOGuid><GPODomain><![CDATA[security.local]]></GPODomain><GPODomainGuid><![CDATA[{2b127034-e676-4f54-b03a-e700e3004cb0}]]></GPODomainGuid><GPODomainController><![CDATA[GPOSrv2016.security.local]]></GPODomainController><BackupTime><![CDATA[2025-11-11T20:14:53]]></BackupTime><ID><![CDATA[{A75C536B-8DD0-44C3-AC44-50578B62EBF6}]]></ID><Comment><![CDATA[]]></Comment><GPODisplayName><![CDATA[DoD WinSvr 2025 MS STIG User v1r1]]></GPODisplayName></BackupInst><BackupInst><GPOGuid><![CDATA[{407C3F9E-822A-4211-9F8F-6B304CD3D195}]]></GPOGuid><GPODomain><![CDATA[security.local]]></GPODomain><GPODomainGuid><![CDATA[{2b127034-e676-4f54-b03a-e700e3004cb0}]]></GPODomainGuid><GPODomainController><![CDATA[GPOSrv2016.security.local]]></GPODomainController><BackupTime><![CDATA[2025-11-11T20:14:15]]></BackupTime><ID><![CDATA[{12468C86-3F68-4E3D-8A3F-B07CD5F45D37}]]></ID><Comment><![CDATA[]]></Comment><GPODisplayName><![CDATA[DoD WinSvr 2025 MS STIG Comp v1r1]]></GPODisplayName></BackupInst></Backups>