<BackupInst xmlns="http://www.microsoft.com/GroupPolicy/GPOOperations/Manifest"><GPOGuid><![CDATA[{72173F02-51B3-4882-962E-A58B9126BA09}]]></GPOGuid><GPODomain><![CDATA[security.local]]></GPODomain><GPODomainGuid><![CDATA[{2b127034-e676-4f54-b03a-e700e3004cb0}]]></GPODomainGuid><GPODomainController><![CDATA[GPOSrv2016.security.local]]></GPODomainController><BackupTime><![CDATA[2026-01-09T16:17:25]]></BackupTime><ID><![CDATA[{9DC035ED-80D4-4533-AC22-0AAE4C28FBD6}]]></ID><Comment><![CDATA[]]></Comment><GPODisplayName><![CDATA[DoD Windows 11 User STIG v2r6]]></GPODisplayName></BackupInst>
