<BackupInst xmlns="http://www.microsoft.com/GroupPolicy/GPOOperations/Manifest"><GPOGuid><![CDATA[{407C3F9E-822A-4211-9F8F-6B304CD3D195}]]></GPOGuid><GPODomain><![CDATA[security.local]]></GPODomain><GPODomainGuid><![CDATA[{2b127034-e676-4f54-b03a-e700e3004cb0}]]></GPODomainGuid><GPODomainController><![CDATA[GPOSrv2016.security.local]]></GPODomainController><BackupTime><![CDATA[2025-11-11T20:14:15]]></BackupTime><ID><![CDATA[{12468C86-3F68-4E3D-8A3F-B07CD5F45D37}]]></ID><Comment><![CDATA[]]></Comment><GPODisplayName><![CDATA[DoD WinSvr 2025 MS STIG Comp v1r1]]></GPODisplayName></BackupInst>
